text,E,N,A,C,O
العمل يرهقني لكنني اجني ثمارا كثيرة احس اني مستقبل زاهر مهنيا شخصيا لدي رفيق درب استطيع اتكئ كثفيه اجده دائما مساندا داعما لافكار المهنية المحيط اعيش يدعم افكاري بكل ثقة,1,0,1,1,1
نفسي كانسانة متفتحة لتجارب جديدة لكنني امل بسرعة الدراسة علمتني طورت شخصيتي بشكل كبير اميل الى التعرب باناس جدد مشاركة يومياتي الجميع رغم انني احب العزلة احيانا,1,1,1,1,1
دراستي تاخذ حيزا كبيرا قتي اهتماماتي بالموازنة الدراسة احب الاعمال التطوعية الاجتماعية اسعى دائما لمساعدة الاخرين احب البسمة الوجوه بدون استثناء لان يشعرني بالسعادة,1,1,1,1,1
اعاني مرض اضطراب الهلع يؤثر عملي دراستي حياتي الشخصية اتابع اخصائي نفسي لكني اشعر بتحسن كبير دائمة الخوف التوتر القلق ابسط الامور ثقتي بنفسي ضعيفة جدا,0,1,0,0,0
الكثير المسؤوليات الملقاة عاتقي الدراسة العمل اجباتي كام زوجة اهتماماتي بنفسي احب احاول اخلق التوازن حياتي قدر استطيع اوفق احيانا اخفق اخرى الحمد لله استمر اثابر اعلم الله يضيع اجر احسن عملا علي فقط العمل الاستعانة بالله الصبر مصائب الحياة الله التوفيق,1,1,1,0,1
لقد كنت شخصا مباريات بالدراسة المستقبل كانت سنة البكالوريا نقطة حياتي فهمت قيمة الدراسة المثابرة قيمة وضع اهداف محاولة الوصول اليها باي شكل الاشكال فهاذا التفكير مكاني تقدير نفسي اكثر التعرف عليها اكثر انني عرفت مكامن قوتي تقبلت نقاط ضعفي,1,1,1,1,1
بقدر الكد تكتسب المعالي طلب العلا سهر الليالي طلب العلا بغير كد اضاع العمر طلب المحال الدكتوراه حلم بالنسبة يجب الصبر لصعوبات يجب المثابرة لنيلها تحقيق الامتياز الله خلق عقل الانسان حدود يجب استغلاله البحث اختراع شيء يفيد البشرية اتوكل الله اصلي صلاة الاستخارة الله يختار الطريق خير يعينني يسخر الناس لمساعدتي,0,0,1,0,0
تميزت دراستي الجامعية بمجموعة الدكريات الاحدات اثرت بشكل ايجابي علي طريقة تفكيري علمتني ارتب اولوياتي اتعامل المصاعب مكنتني معرفة المشاكل يمر الطالب الجامعي الشيء الدي جعلني كاستادة جامعية اتعامل هدا الطالب الاخد بعين الاعتبار المشاكل,0,0,1,1,0
تربية الابناء حضارة الغرب تعاليم الاسلام تحد كبير يواجه ابوين يفكران مستقبل ابناءهم بلاد الغربة نربي ابناءنا المجتمع كله متربص بالاسلام المسلمين ليملي عليهم يعيشون دينهم هوى الدولة العلمانية تنبت الفتيات العفة الحياء القوانين الوضعية تجرم لبس الحجاب المدارس تربيهم الدفاع دينهم حرية التعبير متاحة لمن يتكلم باسم الاسلام حصار الاعلام القوانين السياسية نظرات المجتمع المشبع المسير يمليه اصحاب القرار يولد الاجيال القادمة نفورا الدين سيكون سببا بغض الناس عدم قبولهم المجتمع يولد كراهية حقدا تدفعهم للتطرف الارهاب صنف الى الى الخاصة اصطفاهم الله هدى قلوبهم للخير بهداه انار بصائرهم بنوره فلم ينحازوا لفتن الدنيا زخارفها سعيا لارضاء قرناءهم الغربيين ينحازوا لظلامية الحاقدين يفسرون ايات الله هواهم ليبرروا القتل الارهاب الصنف غاية غيورين دين ابناءهم صلاحهم راحة يبلغوا بر الامان يحموهم براثن الشيطان فاللهم نسالك صلاح النية الذرية اجعلني مقيم الصلاة ذريتي ربنا تقبل دعاء,0,1,0,0,0
طالبة دكتورة اشعر بتوتر كبير رغم اني الحمد الله السنة التالثة نشرت مقالا اني اشعر يقلق مستمر ادرس حبا العلم العمل اصبح استاذة لانها الافضل للمراة اطلب العلم العلم اريد عمل اريد العلم اريد احبك خولة,1,0,1,1,1
انها تجربة حياة فدراستي الجامعية ساهمت بشكل كبير تطور شخصيتي تلميذ متكاسل الى طالب مجتهد يحاول الانضباط الانضباط خلال الحصص الدراسية التركيز شرح الاستاذ افهم جيدا دروسي فبالرغم عدم اشتغالي مراجعتي للدروس يوميا فهمي الجيد لشرح الاستاذ ساعدني بشكل كبير تطوير مستواي الدراسي التحصل نقط ارتفاع مستمر,0,1,1,0,0
الدراسة الجامعة زيادة اهميتها تلقيني المعارف التقنيات الاساسية المتعلقة بالتخصص اخترته فقد شكلت الفترة نافذة انفتحت خلالها اشخاص بعقليات ثقافات مختلفة مدن مختلفة دول اخرى تجربة العمل اجهت بدايتها صعوبات كثيرة يتعلق بمدى تطبيق ماهو نظري ارض الواقع ميدان العمل اشتغل للاسف يندر الاخلاص الاثقان يكثر الغش الكذب الرشاوي احس الايام الاسابيع تمر بسرعة غريبة بروتين ممل,0,1,1,1,0
التقدم العمر تنظج اكثر تتغير نظرتك للامور تبقى سطحيا حكمك الاشياء يصبح اهم شيء لديك راحتك النفسية سلامة محيطكو التقدم العمر تنظج اكثر تتغير نظرتك للامور تبقى سطحيا حكمك الاشياء يصبح اهم شيء لديك راحتك النفسية سلامة محيطك,0,0,1,0,1
دراستي مرت بضروف صعبة رغم الفقر الحاجة لحدود مازلنا نكافح نقضي اليوم بكثير الامل لمستقبل زاهر لحال افضل ففي عطلة اسافر للعمل مجال البناء ذالك الفقر الحاجة يمنع يوما السير ذالك الهدف المنشود الحل الوحيد للخروج دوامة الفقر ترقيع الوضعية حصولي الاجازة طرقنا الابواب للحصول مصدر الوضائف بالماستر بعدها دخلت غماره حصولي طرقت الابواب لزلت ذالك رايت موضوع بحث مجال جديد افهم شيء البداية بعدها قمت ببحث معمق ادركت مهم للغاية دفعت لتلك الاطروحة نجحت لزلت اكافح,0,1,0,1,0
ظيفتي كمدرسة تاثير شخصيتي بالاضافة الى تاثيرها البيئة حولي انها تتطلب العديد المتطلبات للنجاح اهمها الصدق الامانة التسامح العدالة تقدير الجهد البشري ضعها النصاب القانوني الصحيح بالاضافة الى الاهتمام بكل جديد متطور عمل ادوات ابحاث دراسات اهم الامر حب العمل طلب رضا الله تعالى,1,0,1,1,1
السلام عليكم بداية الموسم الدراسي لمست تغيرا كبيرا رغبتي حيويتي المعهودة لبتث دخلت سواس توتر بسبب الام الراس المعدة فسرها الاطباء بانها نفسية انعكست جودة نومي مردوديتي العمل طبعا زاد انعزالي كسلي عدم الانخراط مجموعة الاعمال المفيدة يمكنكم تحليل شخصيتي ايجاد الحلول الملاءمة لتقويتها تنميتها بالتالي تحسين الانتاجية العمل الدراسة شكرا,0,1,0,0,0
لنتكلم سنوات الدراسة بالجامعة فهي احب فترات حياتي الى قلبي تغيرت بشكل كبير بالاحرى نضجت بشكل كبير نظرا لتعدد التجارب مررت بهاجربت شعور النجاح التميز شعور الفشل الاحباطكونت علاقات اجتماعية قليلة لكنها مازالت مستمرة تعرفت نقط ضعفي قوتيكل مني الشخص اليوم ممتنة لكل حاولت اختصر امكن فانه يمكنني التعبير سنوات حياتي سطرين اسبوعيوالذي ينته فانه متعب نوعا مااقوم بالكثير العمل القليل الراحة لكنني سعيدة اقوم اشعر بانني نعمة نيل المطالب بالتمني تؤخذ الدنيا غلاباا اصل مبتغاي سانسى التعبالحمد لله اكتب الكلمات استراحة ساعود الى العمل الانوفقني الله اياك,0,1,0,1,1
الدراسة البحث العلمي يحتاج الى الصبر النفس الطويل الالتزام ببرنامج يومي التماطل تطبيقه الابتعاد القلق التعصب الاشخاص السلبيين التركيزعلى تحقيق هدف محدد بشتى الطرق الشعور بالاحباط,1,1,1,0,0
السلام عليكم ساتحدث قليلا تجربتي مسار الدكتوراه بالاخص بصدد متابعتها السنة الخامسة ساقول رايي بصراحة يعود الزمن لوراء اخوض تجربة انهاء الدكتوراه مستوى جميل قيمة كنت طالب حاصل دكتوراه فهي قيمة مضافة الينا كطلبة صعوباتها المتعددة تعد تحصى تجعل مني شخصا مكتئبا العديد المرات اولا مستوى تعامل الاستاذ المشرف ثانيا المستوى المادي الدراسات العليا مجموعة التخصصات تخصص البيولوجيا نحتاج كطلبة مجموعة الادوات المعدات تتوفر عليها طلبها نسمع مجموعة الاجوبة نقوم بطلبها بانفسنا المهم الحصول الدكتوراه شيئ جميل سبيل تحقيق طموح شخص يحبك يريد رؤيتك مناصب راقية ظروف العمل ياخذ منا الكثير الوقت قلت الزمان تابعتها كنت سابحث عمل بالاول بعدها انهي دراستي رايي,0,1,1,0,0
كانت تجربتي الجامعية متميزة رغم الصعاب رغم العثرات لحظات السوادكنت متيقنة شيء سيكون يرام نهاية المطاف النهاية تنقش اعتاب الزمان بدايات حصر لهاو اخوض تجربة جديدة سلك الدكتوراه يقين تام الغذ اجمل,0,1,0,1,1
التعامل العلاقات السامةهنالك اناس تردد ابداء ملاحضات مدمرة الاخر قصد قصد الامر اخطرنفس الاشخاص تلاحظ فيهم جل اغلب الانتقات جهتها الناس اخرين لماذا الناس تردد استعمال القلم الاحمر البدء العتاب تنتبه لهنيهة تبدء غي انتقاد ذاتهانفس الاشخاص عكست ملاحظاتها لاتتقبل تنزه نفسها,0,1,0,0,0
الحياة الجامعية مدرسة بناء الذات الاحتكاك مجموعة الناس بناء افكار جديدة حول ذاتك خلال وضع النفس مواقف متعددة محاولة التعامل ضعية ضعية,1,1,1,1,0
رحم الله عبدا عرف قدرهان عمل اتقنو عهد اوفىاد عزم صبرو انكسر قامو هاجر يهجروكلما زاد عمره زاد علمهفالعلم خير الزادو خير العلم اله اله,0,0,1,1,0
الحياة مليئة بالاحداث المفاجئات لذا جب علينا نكون دائما مستعدين لكل الاحداث سواء مفرحة محزنة الحياة يجب نعيشها بايجابية بطموح تغذيها الى تصل الى تريد الى تطمح سيلة تسبح العلوم الى اعمق الافكار المعلومات مختلف انحاء العالم,1,0,1,1,1
اكتسبت عدة معارف مكتسبات خلال فترة الدراسة تكوين جيد اهلني الى فهم عدة ظواهر تحسين طريقة التفكير حل المشاكل الشخصية المهنية كدا الوثوق بالدات اكتساب شخصية قوية,0,0,0,1,1
التقيتها كانت دافئة المبسميعلو وجهها الحشمة المغرية عيناها بريق مزيج حنان الحبيبة دفئ الام جميلة حنونة استقبلتني بلهفة بحفاوة بشوق حب غامر كنت التائه الضائع عروق يدها بريق ابتسامتها ثنايا تفاصيلها,1,0,1,1,1
الافضل اكتب بدات بالكتابة فلن اتوقف ينتهي حبر قلمي اجابتي باختصار المدرسة المغربية مصنع لانتاج اناس اشخاص مؤهلين لسوق الشغل اعتمد فقط المدرسة فكن متاكدا سيبقى مكانه,1,0,1,1,1
توصلت برسالتكم عبر الايميل ترددت فتحها لان احيانا للاسف يبعث الطلبة الباحثون رسائل تزعج المتلقي يسعدني اساهم تطوير عملكم فهذه فرصة اتحدث باللغة العربية لاحظت التكرار الاسئلة المطروحة اعتقد الامر مقصود اكتب باللغة العربية سنوات فاعتذر ركاكة الاسلوب اتمنى التوفيق,1,0,1,1,1
مكنتني الدراسة الجامعية شعبة علوم المعلوميات الفيزياء تحصيل معارف تقنيات مهارات متميزة بالاضافة الى تكوين شخصية متميزة طابع عملي منتظم تمكنت تطوير المهارات خلال عملي كمهندس النظم المدمجة مجال السيارات ذاتية القيادة الطائرات بتوفيق الله تعالى تمكنت بداية تحضير الدكتوراه المجال اتمنى اوفق لتقديمها اسعدت بكتابة الافكار باللغة العربية,1,1,0,1,1
الحفاظ المبادئ يتاتى بالاقتناع الاقتناع يعني نعلم طريق الحفاظ عليها عرة تحتاج الى الصبر اصحاب الخيار قناعة سيتمكنون التغلب مصاعب الطريق همت بالتشويش يسلموا ثقافة القطيع,1,0,1,1,1
تجربتي الدراسة الجامعية كانت متميزة فقد ساعدتني تنمية ذاتي عدة اشياء اخرى حاليا قررة متابعة الدراسة سلك الدكتورة اصبح استاذة جامعية باذن الله لكني الوقت اشعر يتشتت افكاري عدم القدرة تحديد اريد,0,1,0,0,0
اشعر الاحيان بالندم معرفة الاشخاص المواقف الندم لايفيد شيء لذلك اتدارك نفسي افكر جيدا تجاوز الافكار السلبية احاول استفيد الاخطاء تزيد قوتي معرفتي بالاخرين,1,0,0,1,0
الازمة الصحية العالمية انقطاع الدراسة الحضوري تاثير بالرغم اعتماد سائل بديلة كالتعليم يبقى الارتباط بالواقع متميز بكل حيتياته تفاصيله تعرفنا المعنى الحقيقي لقيمة المكان الاشخاص,1,0,0,1,1
الدراسة مررت بعدة تجارب محطات الاجازة الماستر الدكتوراه كانت تجربة مليئة بالمعاناة الحياة الجامعية القاسية الوقت اجمل ايام الحياة سافرت الى المانيا تكوين جامعي كانت تجربة رائعة للغاية,0,1,0,1,1
لقد تغيرت شخصيتي مرور سنين الدراسة المرحلة شهدت تكوينا قويا لشخصيتي مرحلة الدكتوراه انني اكتسبت مجموعة المميزات كانت حاسمة اختياراتي الحياة,1,0,0,1,1
كانت عندي افكار مسبقة سلبية الكلية درست نظرا يقال محيطنا لانه دائما ارتباط الدراسة بالفشل الكسل الغباء لعدم الحصول نقطة مشرفة لولوج كلية اخرى النظرة المحبطة طرف المحيطين كلمات الاحتقار الاستهانة بقدراتنا المعرفية جعلت عقلي الباطني يصدق انني فاشلة استطع للاسف الاستمتاع بسنواتي الدراسية اصبحت تبدو اروع احلى الذكريات نظرا لنضجي تغيير نظرتي للحياة,0,0,1,0,0
حاليا اعمل بالوظيفة العمومية اتابع دراستي الدكتوراة يؤثر سلبا نفسيتي اعصابي توتر كبير ضيق الوقت افكر مرارا اترك الدراسة اخفف الضغط نفسيتي لكنني اتردد لكون الوظيفة مملة عادلة الاجر مقابل العمل,0,0,1,0,0
تجربتي الدراسة الجامعية كانت مبنية اختياراتي نظرا للنظرة الاجتماعية ينظر للمهندسين اجتياز الاسدس الاول ادركت فاىدة التذمر الشكوى لابد الاجتهاد العمل فعلته طوال سنوات دراستي الجامعية استطيع القول بانني احب افعل ادراني انني كنت ساظل احب احب طيلة السنوات لربما كنت سانتهي بنفس الاحساس,1,1,0,0,1
الاشياء احببتها الحياة الدي موارد المعلومات لانها تجعلني اشعر بالقوة السعادة خلال تجربتي الحياة اعتقدت تعيش الارض يجب يكون لديك شيئان السلطة التعليم يدك,1,0,1,1,0
افكر شيء حاليا احب عملي اشعر انني محظوظة احمد الله هده النعم الكثيرة بالنسبة للدراسة الجامعة كانت جيدة نوعا كانت الصعوبات,0,1,0,0,0
الجامعة مرحلة مهمة الحياة تعلمك الكثير الاشياء بينها الصبر الالتزام تكوين شخصية قوية تجديد الافكار يكمل دراسته الجامعة بالاحرى الاجازة فهو شخص عرف فكر مليا القرار رسم طريق طويل جدا لكنة مثمر نوعا سيحصد العديد الاشياء المستقبل رغم الثغرات الثعثرات يمكن تصادفة يسقط يقوم اخرى تجربة جميلة تعلمك الاعتماد نفسك تنمية الرصيد المعرفي بالعديد المعلومات الجديدة البحث المستمر التعمق العديد الاشياء خصوصا المتعلقة بمجال تخصصك,0,0,1,1,1
عام المدينة الكلية عموما امور البحث باس ربما اجد الصعوبات الاندماج الاخرين احيانا اجد صعوبة التعبير نفسي لانني شخص بطبعي اميل الى الانعزال انني افكر احيانا انني استطيع النجاح انني سافشل اشياء الامور تراودني,1,1,0,0,1
الدراسة بالجامعة الدراسة بسلكي الماستر الدكتوراه كانت بالنسبة تجربة جد متميزة اضافة الى حياتي الشئ الكثيراكتسبت خلال الفترة مهارات عدة سواء الجانب العلمي الجانب الشخصي المهني كطريقة التعامل الاخر تدبير الجانب العلائقيطريقة التعامل المشاكل طريقة التفكير السليم,0,0,0,1,0
طالب مسجل سلك الدكتوراه سنة خامسة جامعة سيدي محمد بن عبد الله الاشياء اومن مدى اهمية البحث تطوير الذات المجتمع رغم الظروف القاسية للبحث نمر بالعزيمة الارادة يذوب شئ,0,0,1,1,1
بشكل عام المرحلة الجامعية تختلف بشكل كلي المرحلة الثانوية عالمنا العربي الاختلاف يتضاعف غيره الدول فالمدارس الثانويات بشكل عام قائمة بشكل اساسي الكثير القوانين القواعد التلميذ التقيد فجاة يجد نفسه مكان يملك الكثير الحرية يجد نفسه مقيدا المسؤول نفسه قرار يتخذه سيتحمل مسؤوليته حده تجربة يمكنها تكون الافضل الاسوا حياتك الامر يعتمد,0,0,1,0,1
يومي مر متوترا قليلا لانه علي ارسل مقالا المدة الزمنية المحددة الحمد لله توفقت ارساله سبب توتري انني تركت العمل الى اخر لحظة يومي مر متوترا قليلا لانه علي ارسل مقالا المدة الزمنية المحددة الحمد لله توفقت ارساله سبب توتري انني تركت العمل الى اخر لحظة,0,0,1,1,1
الحياة اللجامعية تبني شخصية الانسان تساعده الانفتاح الاخرين العمل ينمي حس المسؤولية مهارات التخطيط العنل المكتبي الروتيني يقتل الابداع لهذا احاول متابعة الدراسة البحث ممارسة انشطة متنوعة الرياضة السفر لغات جديدة,0,0,0,0,1
المتعة الطريق الوصول الى القمة تقدير حب الذات ضروري حب الغير السلام الداخلي الفهم العميق للحياة يجعلك قادر مواكبة تسميه عراقيل الحقيقة فرصة نجاح,1,0,0,1,1
عبدة ربها صبورة جدا تحب الخير للجميع تشعر بالراحة مساعدتهم قيامي بعمل اسعى الى اتقانه ياخذ مني الوقت الاحيان اشعر اني قلقة اجهت مشكلة عصيبة جدا طاقتي,0,0,1,1,0
اشعر بانني مشوش الافكاار يشغل بالي كيفية اطروحة دكتورتي رغم اني اضييع كتيرا الوقت الهاتف الامور المجدية تماما احس اني اصبحت منافق اضن اريد قوله,0,0,1,0,1
اشعر بالوحدة الحنين الى الماضي نظرا لقلة الاصحاب حيي فاني نشيط اغلب الاحيان حيوي مليئ بالافكار الابداعية اسندت الي مهمة فاني احاول جاهدا اتمها اقوم الوجه الاكمل احب ابحث احاول افهم خبايا الظواهر الطبيعية,0,0,0,0,1
تجربتي الجامعية كانت غنية جدة لان اختياري لمادة الرياضيات حب شغف ساهم اعطاء لمسة سعادة تحقيق للذات خلال الدراسة الجامعية بدات حياتي المهنية كاستاذ للسلك الثانوي تخصص رياضيات مفتش ممتاز لنفس التخصص احب المغامرة البحث افاق جديدة اصدقائي رؤوس الاصابع افضل التواجد اسرتي الصغيرة شرب كاس قهوة صديق,0,0,1,1,0
تحديات صعوبات تجعل منك شخصا مكافحا لتصل الى اهدافك المهنية امضي ايامي الدراسات العلمية بالمختبر التكوينات التابعة لمركز الدكتوراة احيانا امل اقوم بالترفيه نفسي الاصداقاء زوجي خلال خرجات القيام بنزهة,0,1,0,0,1
اشعر بتشتت افكاري خلال الاونة الاخيرة اعد اعرف اريد ارغب عزلة تدوم فقط مدة اسبوع عزلة الاشياء الاشخاص لربما اعرف اريد يندثر التشتت,0,0,1,0,1
متميز امتلك روح الدعابة المغامرة احب اعتمد نفسي فهم الاشياء الدراسة احب افهم الدرس طريقتي طريقة الاخرين احس بالسعادة عندما اكون اشرح اساعد مجموعة الطلبةفي فهم الدرس,1,0,0,1,1
عمري عاما عندما ذهبت لاول الى كلية العلوم لتقديم قضيتي رفضتها العديد المدارس اردت القيام اليوم شعرت بالعديد المشاعر السلبية الحزن الحزن الشعور بالذنب الاكتئاب الخوف القلق الياس المشاعر جاءت الواقع افكار الاخرين لطالما سمعت الكلية باعتبارها متاهة مضيعة للوقت فقا لمن حولي تعطيني الكلية اريد يكن لدي خيار اخر اتكيف ظروف الكلية افتقد يوما لتجرب حظي اخرى المدارس اردتها الرغم الطاقة السلبية اطلقها حولي انني لحسن الحظ تمكنت الحفاظ حافزي قوتي خلال الايمان بالجهد الشخصي فجاة حددت هدفا الحصول دبلومات مدة واحدة مدتها سنوات منح رخصة ماجستير بينما اخبرني الغالبية مستحيل عندما يتعلق الامر بمجال الاحياء مجال غامض متنوع يتطلب جهدا عقليا ذاكرة جماعية كنت ازال قادرا تحقيق هدفي خلال تسخير صفاتي الانسانية الارادة الحديدية الثقة بالنفس الامل التحفيز الطموح لذلك وجدت يوجد شيء مستحيل عندما تريد يمكنك ايضا يجب تاخذ الاراء الشخصية للاخرين محمل الجد فمعظمهم لديهم مفاهيم خاطئة الكلية علمتني الكلية ابني افكاري الخاصة بناء تجربتي الخاصة جعلتني الكلية قوية قادرة تحقيق احلامي الامر الكلية تدعني اتخلى الامل اصبحت الجامعة بالنسبة منزلي الثاني للتعليم لانني بفضلها اكتسبت العديد المهارات لقد اوصى الكثير الناس باعادة البكالوريا بحجة اصلت دراستي الجامعة فلن يكون مستقبل طالب دكتوراه السنة الثانية اهدف الى منصب استاذ مساعد,0,0,0,1,0
حاليا راض الى حد ضعي لكنني متشغف للمزيد ارغب دائما التغيير تطوير ذاتي محيطي للافضل اشعر احيانا انني عاجز الحسم الاشياء مرور الوقت تقل ثقتي بالاخرين جد متفائل المستقبل يدفعني للاجتهاد المثابرة,1,0,0,0,0
مرت حياتي الجامعية احسن الاحوال تجربتي العمل الحمد لله رائعة لاكن اعاني مشاكل نفسية طفيفة المتعلقة بموضوع الزواج يمر يومي ظروف عادية فقط يجب التصدي لبعض المؤثرات,0,0,1,0,0
الحمد لله مرحلة البحث العلمي اهم المراحل حياة الانسان فخلالها يتم صوغ شخصية الانسان قالب الصبر المثابرة مواجهة الصعاب الشداىد تحمل الهموم المتاعب بحسن الظن بالله الاخذ بالاسباب تزول العقبات يصبح شاق يسيرا نسال الله التوفيق البركة لكل شباب باحثي المسلمين,0,0,0,1,0
تجربتي الجامعة تاتير مهم حياتي حيت خلالها تمكنت سقل مواهبي اكتشاف عالم اخر كدلك مكنتني تقوية شخصيتي هدا راجع لكثرة التجارب مررت يومي لحد يمر بهدوء حيت امارس مهمتي الموكلة راحة بطاقة اجابية,0,1,0,0,0
اصبحت اشعر بخلل شخصيتي بضعف جراء عدم استطاعتي قول احس باستغلال الاخرين استطيع تبديل الاسف يجعلني احس بالم نفسي كبير احس انني,0,1,1,1,0
نشات سط بعيد الدراسة يجب تنال تحقق يمكنك تحقيقه المجال تعترضك عوائق كبيرة جدا بالصمود الصبر ستصل تصبو اليه ستحاول تثابر الى تحقق مبتغاك مرحلة حياتك يجب تتحلى بالهدوء اجعل كرامتك اعتبار,1,0,1,1,0
مر رنا الاونة الاخيرة تغيرة اصبحت متقلبة المزاج عصبية اتقبل النصيحة هدا بسبب كرونا يجب اقوم بالرياضة اخرج هدا الر اليومي,1,1,1,1,1
اجد صعوبة التحدث يجول بخاطري اعتقد هدا راجع الى عدم الاستقرار الفكري الدي اعيشوه ماخرا اد امر بمرحلة فراغ ناتجة روتين قاتل زيادة انني توثر مستمر,1,1,0,0,1
العمل الطلبة الجامعة يشكل حافزا كبيرا للاستمرار العطاء بينما العمل المستشفى المرضى فهو يتسم بكثير القلق التوثر لعدم قدرتنا للاستجابة لمتطلباتهم الوقت الشكل المثاليين,1,0,1,0,1
اشعر اليوم بارتياح افضل الاسابيع الماضية اليوم مشمس الجو ربيعي استيقضت باكرا استانفت بحثي الرضا عامل مهم لتحقيق السعادة احيانا افكر المال اصبح عنصرا اساسيا لتحقيق السعادة الاستنتاج الاخير بدا يشوش علي حياتي خلال السنتين الاخيرتين ارجو يصفو ذهني خلال الايام القادمة,1,0,1,1,0
كانت تجربتي الجامعية اهم التجارب اثرت تكوين شخصيتي تحديد مستقبلي المهني عندما التحقت بالعمل بصفتي استاذا للتعليم العالي انخرطت بسرعة الفريق البيداغوجي فساهمت الى جانب زملائي تكوين الطلبة تاطيرهم انجاز المشاريع العلمية يتم اقتراحها يمر الاسبوع كله عمل تهييء الدروس تصحيح البحوث استكمال التكوين كتابة المقالات اعداد المداخلات يتخلل الاهتمام باسرتي تتبع سير تمدرس الابناء ممارسة انشطة رياضية مختلفة اجد نفسي مشغولا بمشاريع مهمة يجعلني مرتاحا نفسيا بدنيا,1,0,0,1,0
الدراسة شيء ممتع ينمي الاسان قدراته يعمل تحقيق ذاته ايضا تساعده يطمح تحقيق ذاته فالدراسة بالنسبة شيء رائع تساعدني فهم امور كتيرة ايضا تعطينا فكرة الحياة اليومية كيفية التعامل الاخرين,1,1,0,0,1
جد سعيد ممتن لانني بصحة جيدة عندي ابناء زوجة رائعين امتهن التدريس طلبتي يحبونني اكون جد سعيد عندما اكون داخل الفصل معهم عندي زملاء اصدقاء اقدرهم احترمهم يبالونني التقير الاحترامالحياة جميلة بسيطة,0,0,1,1,0
الحمد لله تجربتي بالجامعة بالدراسة عموما تجربة مرضية عندي تكونت خلالالها استفدت مجالات متعددة اكتسبت علاقات اجتماعية علمية مهنية كثيرة اثر محمود وسطي المهني الاجتماعي العالم الله فضله,1,1,0,1,1
قول الحق صعب اللامبالاة اصعب يجب الخروج منطقة الركود الراحة البحت جديد الابتعاد القيل القال الاهتمام بنفسك المقربين تمنحك السعادة الراحة التطلع الى جديد ميادين جديدة تجدد افكارك تطور ثقافتك احسن,1,1,0,1,1
يوم احس انني اغرق اكثر فاكثر مشاكل الحياه اليومية انني انسى نفسي شخصي افقد تركيز الاحيان اميل الى الكسل الغوص معاناتي الامي روتيني حس انني حدة العالم اهمه رغم انني اظهر العكس,0,1,1,0,0
التدريس الجامعة يعتبر تجربة غنية احاول توفير الظروف المناسبة لطلبتي الانفتاح التجارب العالمية الناجحة نقلها لتطوير طرق التدريس المناهج المرجو الاهتمام اكثر بالطلبة مصلحة المؤسسة المصلحة الشخصية الانتماء النقابي,1,0,1,1,1
امنت صغري بان قدرة الشخص بناء نفسه امر مفر لانه الاصل جوده فعملت التحقق فتم اردت التدريس بالنسبة القناة يمكن ابلغ خلالها للاخرين صحة الاعتقاد ساعدني تحقيق المبتغى حبي لمهنتي لمن اعلم فتوفقت تفوقت سعيت اليه بالمقارنة كنت اعمل اجله لازلت امل المزيد,1,0,1,1,1
عملي بالجامعة تجربة لمعرفة حولي فخدلت اشخاص كانوا اقرباء لقلبي فخذلونيلكني تعايشت الوضع ادركت مجال الصداقة العملبل الصفات اللتي تطغى اللانتهازييةالمكر الحسد,1,1,0,1,0
حياتي حالة فوضى اعرف الطريق يجب اسلكه اريد اكون شخصا ناجحا لكنني اجد المكان اشعر بالراحة متشائم اريد التغيير للافضل,0,1,0,0,0
الجامعة المكان تعلمنا مبادئ الحياة الاعتماد النفس المثابرة الاحتكاك بالاخرين الصبر البحث المعرفة لقد للجامعة دور كبير تكوين شخصيتنا مستقبلنا علاقتنا المحيط الاسري المهني العام,1,0,0,1,1
الاخلاق شئ مهم الحياة يمكن نتصور تقدم شعب بدونها نرتقي نصل الي المبتغى بالاخلاق يمكن للانسان ينمي القدرات يتعلم العلوم ليتمكن الاندماج,0,0,1,0,1
سن كنت طفلة مؤذبة مطيعة مرحة العب كثيرابعدها بدات اميل شيئا فشيئا للرسم مطالعة الروايات الادبية الشعر العربي الموسوعات الفكرية العلمية تهتم بالاحفوريات الحضارات البائدة الفلك مرحلة حياتي الدراسية كانت مميزة جدا مثيرة لدرجة كبيرة مليئة بالخبرات التجارب الجديدة زادها متعة بهجة جود اصدقاء مرحين محبوبين الثانوية تخصصت العلوم الرياضية الجامعة درست بداية العلوم الرياضية الفزيائية الاعلاميات سلك الماستر تخصصت علوم الكمبيوتر معالجة الصور حاليا اتابع دراستي سلك الدكتوراه احاول خلالها تطوير برنامج الكتروني يساعد الكشف المبكر سرطان الثدي خلال التصوير الاشعاعي انني موظفة جامعة سيدي محمد بن عبد الله متزوجة لطفل الساعة بفضل الله عز جل بمساعدة ابوي اخوتي ححقت الكثير الاهداف المرحلية كنت اطمح لتحقيقها فاطمح الى اكمال رسالة الدكتراه العمل كباحثة الفلك حياتي الدراسية تخللتها العديد الانشطة الموازية كالانخراط العمل مؤسسات جمعوية حقوقية سياسة بدا الجمعيات تهتم بالطفولة مرورا بالجمعيات تهتم بالمراة الاسرة العمل النقابي الحزبي صغري غنيت فرقة موسيقية للاطفال سن الثامنة المرحلة الاعدادية عمل كمساعدة خياطة للملابس التقليدية العصرية بائعة للملابس الجاهزة كمبرمج للمواقع الالكترونية عملت كمدرسة حصص الدعم لمادة الرياضيات المستوى الاعدادي الجامعي كمدرسة مؤقتة لمادة الاعلامية كلية الاداب ضهر المهراز,1,0,0,1,1
خلال حياتي مررت بالكثير خيبات الامل ايضا الكثير النجاح زوجة محبة اطفال كبار طريقهم الى النجاح شاء الله تقدم العمر تراكم الخبرات وصلت الى مرحلة اشعر بمزيد السعادة الرضا ضعي الرغم انني اقول دائما لنفسي القليل الكسل الكثير الجدية كنت ساكون افضل لكني اعتقد الكثير المكابح النفسية اوقفتني منعتني فرض ارادتي بلدنا مجتمعنا المكابح تنبع التربية الاسرية كانت لدي القيود الاجتماعية فرضت علي كطفل كشاب ساهمت عدم تطوير مهاراتي مجالات اخرى السياسة الفن اشكر الله انني انحرف لان الطفل الظروف عشت يمكن يدمر حياته بسهولة,0,0,1,1,1
بسم الله الرحمن الرحيم انسان وجه الارض تجربة حياته فمثلا عندما انتهيت الدراسة اتجهت الى ميدان العمل فاعليات اشياءا اخرى منحتني تجربة مهمة فهم الحياة بصفة فالحياة العملية تختلف الحياة الدراسية,1,0,1,1,1
يكون طول الاسبوع ايام رغم اصل فلكي لهذه المدة اعتقاد بان تقسيم الاسبوع الى ايام مرتبط بامر الدين ماخوذ تعلق باخباره احكامه قال شيخ الاسلام ابن تيمية فكل امة كتاب لغتها ايام الاسبوع انما يوجد لغتها اسم اليوم الشهر السنة لان عرف بالحس العقل فوضعت الامم الاسماء لان التعبير يتبع التصور الاسبوع فلم يعرف بالسمع يعرف الله خلق السموات الارض بينهما ايام استوى العرش باخبار الانبياء يجتمعوا الاسبوع يوما يعبدون الله,0,1,0,1,0
يمر اليوم اشعر بعياء كبىر الحصيلة بلجيدة لاننا مظطرين للقيام بعمل الاخرين لنكمل عملنا نفص الاخلاص العمل ىغمل نقص المبادرة عالم كتر فيد الكدب الوصول,1,0,1,1,0
بخصوص العمل اعمل عملا روتينيا منفعة المجتمع يندج ضمن الطموحات طمحت بخصوص الدراسة لدي تصور جازم حول الدراسة فاس لدي تصورات حول سكان فاس,0,1,1,1,1
بد تغيير شامل للتعليم الجامعي بالتعليم بصفة باعتماد الانجليزية الفرنسية للانفتاح الالم الانغلاق فرنسا بربط التلميذ الطالب بمجتمعه عبر اللغة التاريخ يتم استقطابه تسخيره خارج بلاده بتسخير التعليم البحث لحل المشاكل داخل المجتمع الادارة المصانع المزارع,0,0,0,1,1
اشعر بالتشويش الفشل ابذل جهدا جبارا مقابل القليل الاحترام القليل تقدير الاخرين نفسي عيون الاخرين اريد اتحرر الاخر اصبح بكل عيوبس ينصني اتمنى احصل بقدر اجتهد راسي مليء بالكثير الافكار سلبية ماشي احلام حسرة استطيع النوم بهدوء اصبح الارق روتيني,0,1,0,0,0
اشعر حماسي منتظما احتاج عادة لتغذيته عموما افصل شعوري معاملتي للاشخاص المحيطين الدراسة العمل التصرف يزيد الضغط يدفعني للعزلة,1,1,0,0,0
تجربتي الدراسية كانت تجربة جميلة رغم انها اترث نفسيتي حيت اصبحت عصبية بسبب معاناتي المادية جهة النفسية لانني اتاثر بسهولة ادرس بجد بالنسبة للعمل لازلت جديدة احس بالخوف المسؤولية اخاف اشعر بالخجل المسؤولين رفقائي العمل لانني افتقد للخبرة اعطي لنفسي قيمة اعرف انني خاطئة السير النهج اتمنى تتغير شخصيتي اصبح قوية,0,1,0,0,0
سانطلق تجربتي دراسة التكوين كانت سببا تغيير المكان الحياة الاسرية خلال فترة التدريس تم تغيير الافكار المغلوطة فالمزيد العلم الدراسة يشعرك انك تكن بعدة امور الممكن كانت الافكار خاطئة اساس لهذا الجانب التعبدي نجد الله سبحانه يعبد بعلم بجهل ينير طريقك يبين الدرب الصحيح يجب السير طبعا لان العلماء المدرسين اكفاء نبع العطاء للعلم العلم الموصل الى طاعة الواحد الاحد فهم اختيار الرحمان نساله سبحانه ينفعنا بعلمهم ينفع بهمفالواجب الكد الوصول الى مرتبة العلماء المذكورون الممدحون القران السنةومن رام العلا كد اضاع العمر طلب المحال,1,0,1,0,0
الدراسة تجعلني احس بالمسؤولية تبعدني الروتين تجعلني نشيطة عندما تزداد معلوماتي اتعلم اشياء جديدة تساعدني اصبح عملية فعالة مجتمعي محيطي تغذي افكاري تنعشها فانا الوقت احضر مستقبلي اتعلم اكون اجتماعية اخرج عزلتي انطوائي,0,0,0,0,0
كانت تجربة مهمة جدا حياتي انني تعلمت الكثير دروس الحياة المعرفة اكتسبتها يخص مجال الاقتصاد التسويق وجه الخصوص ساعدني وضع حجر الاساس للطريق رسمته لنفسي,1,1,1,0,1
لقد بدات الدراسة المعهد اسبوع لكنني لازلت متوترة بسبب الدراسة لانني كنت رخصة فاتني الكثير الدروس استطع استدرك فاتني الدروس لكثرتها ضيق وقت الفراغ كثرة انشغالي لهذا احس بالاحباط العياء اتمناه استدرك فاتني لارتاح,0,0,0,1,1
الجامعة تخيلتها الحياة الوردية رسمتها ذهني عندما كنت الثانوية يقل التاقلم العام الاول صعب لهذه الدرجة مواد الجامعة تشعرنا بالغباء بالرغم اننا كنا المتفوقين,0,0,0,0,1
تجربتي الجامعه افضل التجارب مررت فقد فهمت اشياء كثيرة الحياة فالحياة قبلها كانت ناضجه كنت صغير بافكار صغيرة لاكن اصبح تفكيري مختلف فانا ادرس الهندسة اري نفسي المستقبل اكثر الشخصيات تاثيرا المجال لحبي اريد افيد الجميع بخبرتي المجال,1,1,0,0,1
درست لمدة سنوات جامعات مختلفة تعلمت الكثير رغم انها كانت صعبة لحد خصوصا السنوات الثلاثة الاخيرة انجز بحثا متعلقا بالرياضيات التطبيقية لكنها تبقى تجربة مهمة حياتي لاني عشتها خارج وطني استفدت الكثير سواء المستوى الدراسي المستوى الاجتماعي,0,1,1,1,0
تهيج نفسي بالحنين لعدة ذكريات ماضية الاثر الطيب حياتي ابالغ قلت الاثر امتد لتشكيل هويتي اليوم رايي استقر اخيرا وصف مشاعري ازاء تامل الكون بسمائه صعيده بشكل مقتضب التجربة تعتبر الى اليوم بمثابة المنفذ البث اعود اليه تشت افكاري ارتبكت نفسي حزبتني الامور فاجدني اثر ممارستها منشرحة الصدر مغتبطة الفؤاد استعدت نشاطي جددت نفسي لمواجهة الحياة غرار الاحساس يغمرني حال اداء شعيرة الصلاة لله السرور يكتسح قلبي السكينة تغمره يتمخض تامل ملكوت الله موجودا ضم تفاصيله اثار قدرة الخالق بديع صنعه بهاء خلقهاثار دلائل الخالق شيء خلقه هدى الروح الانسانية فرع كلمة الله امره تملك ازاء الجمال الابداع تستسلم متاملة متعبدة معتبرة فتسكن اضطراب فزع يلملم شعثها جديد عادت لمصدرها اصلها,0,1,1,0,0
شخص شغوف محب للحياة محب للمساعدة التعاون الاخر الاشياء جانبها الايجابي يمنع الوقوف الامر الواقع تطلب الامر حزما لمعالجة مشكلة الخروج رطة بحيث احاول تهدات نفسي امكن فبدون الهدوء اجدني منطقيا التفكيرا نجاعة مواجهة المصاعب,0,1,1,0,1
حياة غريبة باختلاف الطباع تغير الشخصيات كتغير الحرباء اصبحنا نعيش ازمة ثقة لمن يملك قلبا طيبا صاف نقي محب للخير محب للجميع يعيش سط الفوضى الحل ترى عسانا نفعل انكمل المسير نتقبل الواقع نقوم بالتغلب الطبع فننجرف ذوي القلوب الخبيثة القاسية محموعة تساؤلات نهاية يضج عقلي يشعر قلبي اجد جواب يشفي غليل محرك دماغي,0,0,1,0,0
احس بالقليل التعب اسبوع حافل الوقت راضية سير الامور تيرة انهائي لكل النقط لائحة المهام لهذا الاسبوع الجو المشمس ايضا يساعدني الحفاظ احساس ايجابي متفائل العموم العكس الجو الغائم سائدا الايام السابقة,0,0,0,1,1
الجامعة اعطتني فرصة الانفتاح افكار جديدة اعطاء فرصة لنفسي للتعرف عليها دائما اشعر انني اعيش حيوات مختلفة فانا جد متحفظة حول افكاري حياتي الشخصية القسم لانهم يسعون دائما الى تصنيف الناس الى فئات انتمي الى فئة فقط بالطريقة العيش بينهم يدفعني الى الاحساس بالاضطراب يعطيني الرغبة تمضية الوقت بالجامعة اتعب نفسيا,1,1,0,1,1
اظن اني شخص لديه طموح كبير ارغب اشياء السهل بلوغها اشياء مادية بالضرورة معنوية قيمية اراني احيانا اناقض نفسي احمل الناس احتمله بنفسي اراني احيانا منسجما نفسي اعرفها تعرفني,1,0,0,1,1
بد الصبر المتابرة العمل الجاد لنيل الاماني الاقوال تعجبني اعمل اتعب قدماك تعبتا قدماك مناحي حياتي توجد صخور حواجز صفة ادمية تمنع تحقيق المراد بدءا بالعمل المليء باعداء النجاح المتبطين امتالهم تعر اهتمامك امض قدما قل سلام عليكم,1,0,1,1,1
تمر ايامي رتيبة جديد لحظة تنقلب الموازين اجدني الاختبار حائرا تائها جديدين متناقضين يفتح منعطفا جديدا مخالفا تماما للاخر تمر ليالي الحيرة تضيع الفرصة الفرصتان لاعود الى رتابتي تعرفني اعرفها,0,1,0,0,0
الدراسة الجامعة اية مؤسسة اخرى الهدف فقط الحصول الشهادة الحصول الوظيفة انما الهدف الدراسة محاربة الجهل بماهية الحياة اندماج داخل المجتمع معرفة شيء يسعى الى اسعاد الناس تكوين الشخصية الفعالة المجتمع,0,0,0,0,0
اعيش يوم امل يكون اثر طيب مماتي اعيش بالامتنان الى الله تعالى ممتنة لانني بصحة عافية متنة لانني جعت وجدت طعاما تعبت نمت براحة ممتنة لاني مؤمنة اصلي لله الجا لله ممتنة لمستوى الذكاء هبني اياه الله ممتنة لان لدي ييسر حياتي,0,1,1,0,0
يستطيع الانسان تقييم ذاته نسبيا عبر اخضاعها للمساءلة الطريقة تمت الاستمارة واحدة العوامل المساعدة الامر يتجاوز حد النسبية باي حال الاحوال ففي الوقت يجد نفسه قادرا وضع نفسه خانات محددة المعنى الصفة تاتيه خواطر مواقف تجعله يدرك بانه نفسه كائن تتغير ردود افعاله مواقفه بحسب الحالة يجد نفسه امامها فقد يتذبذب نهاية المطاف الوسط تكون اجابته شديدة الدلالة يؤثر الاختيار فيترك الامر مفتوحا لتقدير الحالة العامة شكرا بالتوفيق,1,0,0,1,0
تجربتي مجال الدراسة كانت مثيرة بحيث مررت محطات مكنتني اكتساب قوة فهم الحياة بابسهلة دخولي لمجال العمل تبين تلملك الجراة الكافية اليقين بان الله قادر يعينك توكلت فلن تنجح,1,1,0,1,0
احب الدراسة امل احلامي تتحقق المستوى الدراسي استسلم ساقاوم ساجتهد الى اصل الى هدفي صعوبات كثيرة ساتجاوزها ساصل سيتحقق هدفي بمشيئة الله الايام جميلة الوقت يسرق احلامي اخققها رغم الصعاب,0,0,1,0,0
الدراسة بالجامعة تجربة رائعة رغم الضغوطات تمر خلال فترة الدراسة المقابل تتعلم الكثير الدروس كالاعتماد النفس التعامل شخصيات مختلفة الشجاعة الثقة النفس عدم الثقة الكلية الاخرينواخيرا العمل الامل,0,1,1,0,0
حلمي الوصول الى هدف معين المجال الدراسي اتوفق الى تحقيق الحلم كله لاسباب اسرية حققت جزءا اتمنى اغلب الظروف اصل الى الهدف المنشود عموما سعيدة الى وصلت اليه الى حد بفضل الله جوده كرمه,1,1,0,1,0
الحمدلله دراستي بجامعة العلوم التقنيات لعا وقع خاص شخصيتي حاليا بفضل المولى اولا تقديري لنفسي اكتسبت مهارات المستوى التقني الشخصي يميزاني بعملي مهارات اكتسبناها تاهلنا للتالق بعملنا المثابرة,1,0,0,1,0
لطالما كنت اردد البيت الشعري لصاحبه ابو البقاء الرندي لكل شئ تم نقصان يغر بطيب العيش انسان كنت اتفهمها اتقبل نكسات الناس اتفهم اتوقع يوما تكون صعبة صاحبها الى جاء اليوم اصبت بعته الانتكاسة انها صعبة تكون القمة تنزلق السفح,0,1,1,1,0
تطلعاتي الحياة جد مرتفعة لكنني اعمل تحقيقها حاجة ماسة لبيئة محيط يدعمني يعنيني الخروج منطقة الراحة لانني امتلك كافة مقومات النجاح ينبغي احدد اهدافي بدقة اسعى لتحقيقها فق محدد بدل الاستمرار التسويف التاجيل,0,0,1,0,0
شخص متفاءل بالحياة موقن بحضور الله سماعه مكان زمان اجتزت صعابا تكون الاسوء بالمقارنة بالاخرين جعلتني اكبر اتطور اكتشف ذاتي قادرة فعله تجاوز مكتسبات خاطئة ناتجة محيطي الضيق راضية مساري اشعر بالتفاؤل الحب لاتمام الحياة عائلتي راجية هدى الله للتطور الوصول بنفسي الى ارقى نسخة المستويات نافعة اسرتي ديني مجتمعي,0,0,1,0,0
قدر الله جعلني اعمل ميدان متعب رؤية السعادة وجوه الاطفال يجعلني سعيدة حبهم تجمعهم علي كاني املك الدنيا بيدي تدريس اطفال ضعية اعاقة شئ صعب المستويات عندما ترى النتائج تقدمه فتلك سعادة مافوقها سعادة,1,0,1,0,0
الايام احس بنفسي مبعثر مهام معلقة وفاة قريب حديثة فاجدني اتوقف لاتكلم نفسي بعبارات عميقة الحياة كاني احتاج الى فترة التعمق التحليل الحياة شرط اعود فاجد محيطي مرتب يفتح المجال لبداية جديدة نوعا,0,0,0,0,0
الحياة كتجربة كتابة تعشها المخاض ينتظرك سينتهي الى ولادة جديدة اعيش حياة ثانية لاخترت الطريق لسرت مررت حزن فات التفاتة تروم تحصيل شفقة ظرف,1,0,0,1,1
مسيرتي الدراسية تكن موفقة كنت احلم اعرف تقصيرا مني عدم دعمي نفسيا لمعرفة ميولاتي الدراسية يدفعني لتفكير اتحمل المسؤولية الكاملة ادري مجال تخصصي,1,1,0,1,1
عادة اكون هادئا لكني سريع الغضب سهل الاستفزاز امر يجب تغييره التدريس الجامعي كلية الحقوق يفرض التحلي باقصى درجات ضبط النفس الكثير الصبر,1,1,1,0,1
الصعب الحديث شيء محدد يتعلق بتجربتي الجامعية اعتقد انها كانت مفيدة الى حد الممكن تكون الفائدة اكبر علينا الاعتراف جامعتنا تتوفر تقاليد تؤهلها لتلعب ادوارا اهم ازاء طلبتها المجتمع اتمنى التوفيق تحياتي,0,1,0,0,1
تكون التجربة الحالة تطغى خاطري عقلي تجربة الجامعة اذ انها المكان المقدس نفسي يدعوني ركن اركانه الى هيبة العلم الاستسلام التام اذكر تفاصيل دقيقة تكون عابرة الاخرين لكنها عندي انشودة نقشت ابياتها قلبي نقشا اصيلا صارت الماضي الحلم الحياة اتمنى العودة اليها,1,0,1,1,1
الدراسة بالجامعة العامل الاساسي تحرير النفس قيود العزلة الخجل الى الانفتاح الدراسة بالجامعة مجال للابداع التحصيل العلمي الجيد باعتبارها مجال للبحث السعي الاكتشاف,0,0,1,1,0
رغم خيبة الامل الكبيرة تجربتي الدراسية خصوصا اثناء تحضير الدكتوراه انني اندم اتخاد الخطوة بسبب تاثيرها المباشر المباشر ايضا تغيير نمط تفكيري طريقة نظري للعالم زالت تتطور تتغير انتظار مستقبل افضل اسعد,0,1,0,0,1
الخوف المسقبل بكثرة التخمينات الشعوربالتقصيرفي المسؤلية اتجاه دور الفاعل الاجتماعي البحث العلمي النضال المستوى المهني حمل الاخرين المشاركة حل مشاكلهم خصوصا المقربين مني بااضافة الى ربط سعادتي بالاخرين حب التفوق الطموح الى الشخصية المثالية الخوف الاخفاق التجارب,1,1,0,0,1
تثير اهتمامي المواضيع المتعلقة بعلوم التربية فهم الذات فن التعامل الاخرين الشغف دفعني الى اعادة التسجيل بالكلية لدراسة النفس التخصص مستقبلا التجربة شكلت منعطفا خاصا انعكست ثاره ايجابا حياتي الشخصية العملية الاسرية غمرتني السعادة ادرس احب استمتعت بكل جديد استطيع خلاله افهم نفسي حولي اكثر فاكثر اصبحت اكثر تفهما لاحتياجات ابني تلامذتي لخصوصيات المرحلة يمرون اكثر معرفة بانماط الشخصيات السوية السوية اكثر ادراكا لدوافع السلوكات تصدر الاخرين,0,0,1,0,0
العمل سعيدة احسست مزاجي سيئا اسارع الي معانقة امواج البحر الكتابة قراءة يسليني الخروج نزهة صديقتي لتجديد طاقتي الحياة حلوة تستحق تعاش بحب فلماذا نسمح للاحزان باقتحام عالمنا الجميل,1,0,1,1,1
لقد تاكدت لدي فكرة الحياة قاعة امتحان كبيرة يجتاز الناس جميعا اختبارات مستمرة متوالية اشعر بانني اشتغل المواد ينبغي البعض الاخر ربما اكون توفقت اكثر الاشواط الاخيرة الامتحان ارجو تكون اعمالي الختامية افضل بكثير اعمالي الماضية ادري ينتهي الامتحان بالنسبة الي تجمع صحائفي تصحح تعرض علي النتيجة اشعر بان رحلة حياتي كانت قصيرة جدا لكنها حاسمة تقرير مصيري الحياة الابدية تنتظرني بالرغم تقصيري اداء الامتحان فانني مطمئن الى رحمة الله عز جل كوني عشت اشرك حدته احسست دائما برعايته حكمته الازمات مرت لذا يتخلى عني يوم الحساب,0,0,1,1,1
تجربتي الجامعية كانت اروع اجمل تجربة مررت لحد كانت تجربة رائعة بكل مقايسها الحلوة المرة كانت تاثير كبير شخصيتي مسيرتى ايضا محيطي بحيث اكتسبت العديد الافكار الجميلة المختلفة غيرة نظرتي الكثير الاشيء مكنتني معرفة يريده شخصي يجعلني راضية سعيدة مكنتني التعرف اشخاص بصمو جودهم حياتي,1,0,1,0,0
الاسبوع حافلا بالمتحانات اتمكن اجتيازها تصورت فاصبت بخيبت امل احباط جعلني احزن لطالما تجاوزت الحزن اعقاد العزيمة اراد جديدتن التحصيل الامتحانات القادمة,1,0,0,0,0
تجربتي الجامعة كانت جيدة الكثير الاحلام العمل المثابرة طورت جانبا شخصيتي المستقلة الواعية بداتها طموحاتها العمل جربت الكثير الاماكن الاعمال احب الروثين اسعى دائما لتعلم الجديد التمكن اقوم اسبوع مليئ بالاحداث خضم تغيير المستوى الشخصي,0,0,0,0,1
خلال فترة الدراسة تعلمت اكون انسانة اجتماعية منفتحة الكل بالمشاركة الحملات التطوعية الاعمال الخيرية نظرا تمنحني طمانينة البال راحة نفسية تبعدني ضغوطات الدراسة اتسمت بصعوبتها تبقى احسن الفترات حياتي ابتعدت اهلي ابتدات اتحمل مسؤوليات اكبر اتعرف نفسي اكثر اتعرف قدراتي مخاوفي كونت صداقات جديدة تعلمت الصبر كنت عصبية نقية القلب يعني مافي قلبي علي لساني عصبيتي كانت مبررة فراغ احب النفاق احب اتقن عمل كلت ملتزمة بمبدا رحم الله عمل عملا فاتقنه فشخصيتي عليها اليوم تكونت الفترة,0,1,1,1,0
اشعر بالملل بسرعة اسعى دائما للبحث التعلم الجديد الابداع التخيل افضل الاوقات اقضيها عالمي الخاص اتعلم ابدع احسنها استطيع ابلغ تعلمته للاخرين لكني فوضوي اشعر احيانا بعدم القدرة مواجهة الضغوط,0,1,0,0,1
العمل هواية يجب نستمتع الاسرة عبارة مجموعة اشخاص مفروضين علينا لديهم احتمالية اكبر لان يكونوا شبهنا المهاجر طائر يسمح بمزج الجينات الثقافات العلوم بدونه يكون الجنس البشري خطر الانقراض احب القراءة الدراسة لدرجة انني جعلتها مهنتي عملي اتمكن القول انني اعرف لانني اكتشف خطوة انها معرفة قليلة جدا كنت تعرف لماذا ضعنا نقطة نقطتين نقاط الحروف فكيف تسمح لنفسك تقول انك تعرف اللغة العربي,1,0,1,1,1
بحكم صغر سني اريد تحقيق عدة اشياء المستوى الدراسي المهني المستوى الشخصي يضعون الخطط احب تقرير الاشياء قتها الرغم نفسي انني دائما القرار الصحيح اسير الطريق الصحيح,0,0,1,0,0
الحمد لله بنعمته تتم الصالحات نجاحاتنا العمل البيت الاسرة كله يتم بتوفيق تسديد الله سبحانه تعالى نسال الله سبحانه تعالى يرزقنا القوة الصبر الثبات انجاز مهامنا تادية مسؤولياتنا احسن وجه يجعلنا لبنة لبناء الوطن معولا يهدم بنى الاخرون فاللهم يارب فقنا عملنا اجعله عملا موفقا بارك عملنا اجعله عملا مباركا طيبا,1,0,1,1,1
مساري الدراسي مليئا بمشاعر افكار مختلفة اثرت سلبيا ايجابيا شخصيتي القلق الثقة النفس الاستسلام المثابرة التشاؤم التفاؤل بصفة التجارب مررت خلال الدراسة كانت مصدر,0,0,1,1,0
مكنتني الجامعة معرفة شخصيتي بشكل ادق تطويرها لعبت البيئة الجامعية دور اكتسابي مهارات التواصل لازال المقاربات المعتمدة البيداغوجية اثر سلبي صحة الطلبة سواء البدنية النفسية يجب اعادة النظر علاقة الاستاذ الطالب امر حاليا بظروف متوترة الشيء احاول جاهدة يؤثر التوتر مزاجي اليومي الله المستعان,1,0,1,0,0
الجامعة المرحلة الاطول الاكثر اهمية انها الاعوام تقرر مصير حياتك تتعرف اصدقاء العمر هته المرحلة اكتسبت الكثير المعارف الاصدقاء الجدد اني افتقدت الاونة الاخرة الى العزيمة شغف الدراسة اصبحت هته الاعوام تنتهي قلقي يزيد يوما يوم,0,1,1,0,0
كنت اعمل كموظفة براتب جيد جدا افتتحت مشروع بهدف تحقيق الحرية المالية سنة باذن الله زوجي يساندني بشدة اقدر عكس الدي رفضا الفكرة بادئ الامر المشروع يحتاج الكثير الصبر المثابرة احيانا احس بالحوية اعمل بجد لتنزيل افكار جديدة احيانا نادرا اصيب بالخيبة اتمنى اعمل عملا بمدخول قار,0,1,0,0,1
العطلة الربيعية سعيدة جدا بتواجدي اسرتي الصغيرة الكبيرة خصوصا مر وقت طويل اجتماعنا اخر بسبب ظروف الحجر الصحي سببه كرونا احس الايام تمضي بسرعة كبيرة نعيش الجو الاسري الملئ بالمشاعر الطيبة الاطفال مبتهجون يلعبون بعضهم البعض,1,0,1,0,0
اؤمن شخصيتي تغيرت سنين الدراسة الزواج اصبحت اكثر نضجا اتفهم اختلاف جهات النظر اعفي الاخرين جدالات عقيمة تفيدني تفيدهم كنتاظن نفسي قوية الشخصية انني متاكدة,1,1,1,0,0
نفسي معجزة معجزات الله فتاة اجتمع تفرق الناس علمية التخصص ادبية التعبير فصيحة اللسان طليقة اللسان عميقة الافكار احب فكرة يرزقني الله عديدا المواهب دفعة واحدة يخلق روحي دوما الشغف الرغبة لانجاز مهام عديدة خلق فرص جديدة احب نمط شخصيتي اسال الله يجعله نافعا للناس,1,1,0,0,1
احس بالتردد بشكل كبيير حياتي القرارات بسرعة اكون صارمة ماةتخذت قرارا اقتنعت بموقف فكرة مايجعل الملفات مفتوحة عقلي قلبي اقدر اتخاذ المواقف القاطعة مررت تجربة طلاق نرجسي تعافيت الحمد لله الى ابعد الحدود بفضل الله تعالى الدي المجهود البحث التعافي النفسي الذاتي,1,1,0,0,0
رغم حبي تعلقي بالكتابة الامر صعب حينما يتعلق بالحديث نفسي يومياتي تجاربي ساختار التعبير نفسي بهذا الثنائي الجميل يجعل حياتي سعيدة مريحة التسامح الحب يمكنني الاستمرار دونهما,0,0,1,0,0
تخونني الافكار بالاحرى النوع يكتب ضروف زمنية معينة المزاج لحظة استلهام حاليا لدي حاليا اقوله اظن الخانة ضرورية راي الخاص,1,1,0,0,0
تمنيت اتممت الجامعة لكني بتخصص الحالي انني حصلت علي الماجستير تفوقت ثابرت اكثر مرحلة الجامعة بالاحرى انعكاس اخفاقي بجامعة العلوم اكثر علي بشكل سلبي بشدة فقدت حينها ثقتي بنفسي بقدراتي اشتغلت بمفهوم عبودي ادى الى تدني اكبر بثقتي تقديري لنفسي حاليا حصلت علي ديبلوم متخصص بمرحلة السطاج احاول القن نفسي الحب الثقة التقدير احصل علي عمل خلاصتي سنة اهم شئ يجب يبنى الفرد تقديره لنفسه حبه لنفسه ثقته بنفسه اعطاء ذاته انواع الاهتمام المراعاة شكرا,1,1,1,1,1
كنت انسانة منجزة فعالة نشيطة تفعل اشياء كثيرة تكتشف العالم الزواج حرمت استمتع بتربية ابني رعاية بيتي رغم الندم احيانا اومن دوري الحياة ينتابني الرغبة الانجاز خارج البيت هومحض تاثر بالتيار الغربي,0,1,0,0,0
اشعر بالالم لحال خالتي احس بالعجز حيال تمر رغم انني يمكنني مساعدتها الداي الله عونها الوقت ادري اتصرف لاساعدها اسال الله يوفقنا خيري خيرها,0,1,1,0,0
مرت ايام كثيرة اشعر بسعادة فرح اتذكره اني كدت انسى طعم السعادة الابتهاج لكني متفائلة الاقل شيئا سيتغير المستقبل يغلبني طموحي ايماني الكثير الاشياء الجميلة انتظاري دمت استسلم,0,1,0,0,0
اعتبر نفسي شخصا مر بظروف نفسية اجتماعية صعبة نوعا ساهمت قوقعته قلة ثقة بنفسه لكني اشتغلت نفسي طورتها فاستعدت جزءا كبيرا ثقتي بنفسي تفوقت اثبات ذاتي المستوى الشخصي المهني حافظت سماتي الاساسية الطيبة التسامح نفسي حولي تجاوزت الماضي اساء الي اعتبر اني اعيش سلام داخلي اعية بنواقصي شخصيتي لازلت اعمل عليها متصالحة نفسي الى حد كبير,0,0,1,1,1
مررت باسبوع شاق مرهق بكل معنى الكلمة مليء بمشاعر الاستياء الاحباط نجني للاسف رغم نقدم تضحيات الله المستعان اعلم بحالنا يجول خواطرنا نساله ينير دربنا يلهمنا رشدنا,0,1,0,0,0
لمن دواعي سروري اقضي العطلة اولادي عائلتي اسبوعا للراحة اعادة ترتيب الاوراق حيت استراحة الصيف الماضي اتمنى اعيد الاستراحة اقرب الاجال,1,1,0,0,1
تجربتي الجامعة كانت جميلة رغم التعب احسست انني درست بالجامعة لانه حلم كونت صداقات امتدت ليومنا عدت للجامعة اهري الايان احس بنشاط مزاج معتدل خصوصا عندما يثني شخص علي طريقة كتابتي للمحاضرات مثلا,0,1,0,1,0
اسبوع مليء بالاحداث متعب احس بان ساعات اليوم تكفيني العمل الالتزامات المنزلية الدراسة فهي اجمل مراحل الحياة با تتكرر افكر بجدية المستوى التعليمي الماضي يفوق بكثير المستوى الحالي,0,1,0,0,1
حاليا اعيش صراعا داخليا لعلها فترة تمر بسلام مشاعري ممزقة اجد متعة عملي لاني اقوم بحب يجعلني اقضي يومي بحيوية ابتسامة دراستي بالجامعة اكن مجدة يكفي,1,1,1,0,1
التحاقي بالجامعة كاستاذ التدريس الى ازاول مهمة التدريس التاطير البحث زملائي الاساتذة الطلبة بكل حب اخلاص اريحية جدية التزام طموح لقد منحتني تجربة التدريس داخل المدرجات تجربة البحث داخل المختبرات تجربة تاطير التداريب بالمؤسسات الاج تمكينا ذاتيا اجتماعيا بذلك فانا جد فخور معتز بانتمائي للمؤسسة الجامعية اشعر بالرضى عملي اشتغل زملائي مشروع طموح البحث العلمي,1,0,1,1,1
لدي الكثير الاعمال لاقوم احس انني مترددة اسوف اماطل اعرف الاحساس طبيعيا نتيجة التراكمات الضغوط كسل استجابة لوساوس الشيطان,0,1,1,0,0
احس باني امتلك قدرات استطع استثمارها بالكامل سواء الدراسة العمل العمل التطوعي الظروف المحيطة الظغوطات الحياتية تزيد تقييد فرص الاستثمار التحرر القيود رغبتي الشديدة الاستفادة هبني الله انجاز عدة اعمال تعود بالنفع علي محيطي مجتمعي,0,0,0,1,1
احب النظام الاستراتيجي العمل تحديد اهداف كبيرة مشتركة هادفة اطمح الى ترئس فرقة عمل متكاملة متعاونة المضي قدما بالمنظومة انتمي اليها اطمح الى تجويد الحياة بنسبة لكل محيطي انسان حيوان طبيعة,0,0,0,1,0
اصبحت احب عملي ربما لانني اصبحت اكثر ايجابية الايجابية انعكست نواحي حياتي بينها الجانب المهني كنت اذهب بمشقة الى العمل الحين الاحيان اشتاق لرؤية ابنائي الطلبة,0,0,1,0,0
مر الاسبوع حافلا بالمواقف المختلفة المثيرة للقلق المفرحة اهم رجوع زوجي حبيبي لبيتنا لاعبر اشتياقي حضرت جبة عشاء يحبها ابريق شاي الطريقة الحيانية,1,1,1,1,1
تجربتي الدراسة الجامعية خصوصا لجت اكثر تخصص جعلتني اكثر عقلانية حماس لمعرفة المزيد لكنني بصراحة اجد نفسي لازلت حديثة عهد بالعلم اتمنى اواصل دراستي اكون اكثر التزاما نشاطا البرامج التعليمية ادرس اجد نفسي حالة الفوضى الوقت الراهن الدراسة البيت الامور الخاصة بالاهل تتطلب مني بذل الجهد اتمنى اوفق لتنظيم قتي اسال الله البركة الاهل المال الوقت,0,0,0,0,0
يحتاج الانسان الى الارشادات لتتوضح معالم الطريق يمكن يعيش الانسان هدف غياب الهدف الرؤية يلغي جودية الانسان يجعله كائنا عبثيا اعتاب تحقيق اهداف كنت ارجوها دائما وصلت الى هته الاهداف لكني اشعر بالرضى اظن الانسان يجعل هدفه بعيد المدى يفقد معنى جوده الاكيد الهدف السامي يجعلني استشعر مبلغ كينونتي السير الى اللهان الى ربك الرجعى,0,1,0,0,1
عملي احبه اثابر احب مساعدة الاخرين ارتاح اجد نفسي اطمح لتحقيق الاحسن دايماما ندمت امتهانه قطالتقي بالصغار الكبار الشيب الشباب اخذت تجارب عدةتجارب مفرحة اخرى محزنةما اجمله عمل اشبها مسؤولية,0,1,1,1,1
عانيت اكمل دراستي تعييني الجنوب الجامعات مركز عملي مرور سنوات عدة محاولات للتسجيل الجامعة لاتمم دراستي العليا التسجيل سلك الدكتوراه تحقيق حلمي,0,1,1,1,1
الاسابيع الماضية كانت ممزوجة بالالم الفرح النشاط الحزن يعمها الهدوء اجيد التعبير مشاعري اكتفي بالضحك الكتير العالي النظر مررت احدات سيئة جميله نكهة الحياة,1,1,1,1,1
العاشرة النصف افتح النافذة لاشاهد الشارع ليلا اراني اراني سنوات اغادر دفئ المنزل لاول لاتابع دراستي بكلية العلوم التقنيات بفاس مزيج التوتر الخوف يملؤني حينها الكثير الاحلام امعن النظر مضى الوقت طوينا الايام لاصبح سنتي الخامسة شهور اغادر الكلية عشت السنوات الخمس المؤكد انها غيرت معالمنا تركت ذكريات ستعيش معنا طويلا تندثر احب اشكر الاساتذة الاصدقاء الارواح الجميلة صادفنها الرحلة,0,1,0,0,1
الدراسة الجامعية بالنسبة اولى خطواتي فهم القليل الحياة يمكن اعتبارها مرحلة نضج فكري عاطفي اجتماعي مرحلة مهمة الحياة تعلمت تحمل المسؤولية فهم الاخرين ضبط انفعالاتي انها كانت سلبية يخص تكوين الروابط الاحتماعية اصبح الانعزال اسلوب حياتي شيئا,0,0,0,0,1
اشعر انني يجب علي اعود الى طريقتي القديمة تدبير الوقت قلت اقصد انني يجب علي انام اقسم يومي الى اقسام الاول العمل تدريب السنة الدراسية النهائية القسم الثاني بينما اكل تدريبات جسدية القسم علاقة معلومات جديدة معلومات اضافية الجانبية معلومات كثقافة شيء القبيل,0,0,1,1,1
اعتقد الحياة عبارة لحظات يمكن تكون جيدة سيئة لذا الانسان ينظر دائما الى الجانب المشرق الامور يحاول يكون ايجابيا قدر المستطاع اراد يكون سعيدا حياته نظرتي للحياة,0,0,1,0,0
الحياة عموما امتحان لقد خلقنا الله الارض نصيب نخطئ نفوز نرسب نتعلم يسعى الى يكون شخصا افضل يوما يوم فاز شيء بالنسبة بغض النظر هفوات الماضي,1,1,0,0,1
بخصوص دراستي فانا احس بنوع الاحباط فاقدة للعزيمة الوقت ممتلئة لتغيير اقعي لقد ضاع مني عام الدراسة باكمله تخليت دراستي بكلية العلوم التحقت بكلية اخرى كلي امل اغير نفسي احقق النجاح لكني صدمت بواقع توقعته شيء تغير اتضح انني اعد كنت الماضي ماض يعود يعد بامكاني النجاح شيء اردت اظن انني اعد احب التغيير فمنذ غيرت مدينتي لاول عندما انتقلت اهلي للعيش مدينة اخرى اتعرف مشاعر جديدة سيئة الاول شيء يسير جيدا تعرفت اناس جدد كونت صداقات جديدة حاولت التاقلم اختلاف لون بشرتي يسبب المعاناة فهنالك يتقبلني تعرفت الاصدقاء يكن هدفهم فقط صداقتي انما همهم يوم الامتحان سيساعدهم اصبح اختلافي ضعفي اصبحت منعزلة نفسي يعد بالامكان لاحد يدخل ساحتي نلت شهادتي انتقلت الى مدينة فاس لاتمام دراستي لازالت مشاكلي نفسها العزلة رفيقتي الكلية ذهبت اليها تكن اوده العناء بذلته هباءا كانت خيباتي عندما غيرت الكلية يتغير مابي استطع ابذل جهد رغم ارادتي للتغيير,0,1,0,0,0
جل الطلبة يعانونن صعوبة النظام كليتنا يزيد الطين بلة اعاني القلق المستمر حول المستقبل يجعلني منغمسة تفكير سلبي يستنزف طاقتي اسنطيع القيام باي شيء اخر,0,1,1,0,0
انها سنة لدي بالجامعة فرق بينها الثانوية نفسي انني قادرة اكمال دراستي شاء الله فهي تاثر شخصيتي عودتمي الصبر اكثر فاكثر للوصول الى المبتغى باذن الله,0,1,0,0,1
بداية عمل كنت احس بعدم الثقة بنفسي قليلا كنت احاول دائما اظهر تكني انجاز مهام صعبة اصبحت ثقتي بنفسي تزداد تغيرت بعدها اصبحت اكثر تقديرا لذاتي اكثر اجتماعية اكثر فخرا بنفسي افعل,0,0,1,0,1
بالنسبة لتجربة الجامعة فهي بصراحة تجربة جميلة تعلمك كثير الامور مثلا تعتمد نفسك شيء الفترة تحدد مستقبلك لذلك تعمل بجد تحصل ماتطمح اليه,1,1,0,0,1
اشعر حاليا بعدم الاستقرار كانني ابحث شيئ اعرف ماهيته ربما نفسي لربما شيئ يبثني بالحياة كوني زلت متزنا رغم شعوري القوي بالاهتزاز الداخلي ثقتي بالله عز جلاله شيئ سيمر فوالله امطرت لتزهر,1,1,0,0,1
تجربة مختلفة تماما المدرسة الثانوية يكثر الضغط الطالب انني احب التغيير اعرف يحدث ربما الشعبة اخترتها الجامعة احبها بصفة,0,1,1,0,0
شخص دائم التفكير يمكن بنو ادم متفقون النقطة افكاري مغلفة بقالب السلبيةلدي طموح اهداف كبيرة لدرجة انها تخيفني احياني الفشل دائما مقترن فمثلا اقول اريد احصل معدل جيد الجامعةجيد جدا يفوق التخيلات يتحدى يقول الامر صعب الى مستحيللكن دائما توجد لوو لوو الاصعب انني مقتنعة مجرد اللفظ بالسلبية فساعيشها بشكل اصح ساسير نحوها لاحققهاو الامر مرهق حقاناهيك كوني اجتماعيةرغبتي فطرتي الواقع انني وحيدة نوعا خجولة اريد قولها الصراع فكرة انني خجولة كنت افعل يوم سنةاشعر بالراحة انني ربما اعرف اكون اتمنى يفيدك الاستطلاع شيء الغريب اتمنى التوفيق,1,1,0,1,0
المرحلة حياتي اعيش ضياعا اختبره ليتني استطيع اقفز قفزة سريعة الى المستقبل سيكون ضعي حال اتخذت هدا القرار يؤرقني ساكتفي بصلاة استخارة,0,0,1,0,0
تعد تجربتي العمل امتدادا لتكويني الكاديمي فرصة مميزة لترجمة ارض الواقع المهارات المكتسبة هذا التلاقح يفضي الى بلورة شخصية اكثر تفاعل متطلبات سوق العملالتكوين التجربة عنصران متلازمان لابداع افي المجالات التخصصات,1,0,1,1,1
الالتزام بالنظام التخطيط اساسي لحياة اسهل رغم علمنا بذالك يصعب بعضنا الالتزام حياته اسهل فتجد الواحد منا يعيش توتر مستمر عشوائية فوضى مكتفيا بالتمني التاجيل مشاهدة الاخرين,1,1,0,0,0
اشتغل بجد دخلي هزيل درست اجتهدت لككني توقفت الدراسة الاجازة لضروف رغم حلمي الماستر احببت لكنه تم التخلي عني بسهولة بدون سبب حاولت انجز مشروع لكنني خدلت جديد جسد يضهر للناس مليئ بالحيوية الحب الاحترام الكل يحبني يقدرني الحمد لله لكنني حالة اكتئاب تفارقني مند صيف جعلتني افكر وضع حد لحياتي جعلتني اشعر بحزن الم يتعصر قلبي,1,1,1,1,1
تجربتي الجامعة تجربة ممتازة تعلمت الكتير التقنيات ساعدتني تنمية قدراتي الفكرية اكتساب مهارات جديدة الدور تنمية بناء شخصية قوية رغم ضغوطات الامتحانات,1,1,1,1,1
انسانة طموحة مجدة لكنني الوقت الراهن بدون عمل احاول بشتى الطرق الحصول دراستي تجاربي العلمية العملية خولت اكون مرنة متوازنة قادرة العمل الظغط,1,0,1,0,1
متعبة رغبة لدي الكتابة لكني ساحاول ملئ الاسطر تيسر الكلمات غاية هدف فقط بغية ارسال الاستبيان اني صائمة اشعر بالتعب احتاج رخصة ادارية اسافر الى القرية لكنهم يحرموننا بحجة الكوفيد حسبنا الله الوكيل عيينا الله,0,1,1,0,1
اشعر بالملل الروتين الحيات اليومية حيت يوم يتكرر يوجد تجديد فالمهام نمط العيش يجعل الشخص يعيش حياة رتيبة محاورها الاسرة زوج اطفال اعمال المنزل العمل الرتابة تؤدي الى فقدان الثقة بالنفس عكس ايام الدراسة كانت مليئة بالانشطة المرح ربما تقدم الانسان فالعمر يؤدي الى هاد التغير الجذري,0,1,0,0,0
السابق كنت شخصية هادىة قليلا اتوتر اشعر بالنقص اثق بقدراتي احب اكون محبوبة الناس الزواج انجاب الاولاد تغير شيء اصبحت شديدة العصبية مزاجية الصعب ارضاءي اعتزل الناس اكترث لمحبتهم عدمها,0,1,1,0,1
وصل الى علمي يوم الخميس ابي مريض جدا بقيت قلقا لحاله كانت المشاعر مضطربة حزن قلق خوف ازداد الامر سوءا فجئت لزيارته فوجدته طريح الفراش خائر القوى حالته بدات تتحسن لله الحمد ربك شيء قدير,0,0,1,0,0
بصراحة اتمنى اصبح يوما الشخص احلم تقيا ذكيا متسامحا لم اضع بصمتي اغادر بصمة تغير البشرية الافضل ادرك جيدا بان الامر سهلا يحتاج الى الكثير الجهد بحث علمي رغبة تحقيق الحلم تفوق صعوبته فاسئل الله عز جل يوفقني اياكم تحقيق نريده خيرا لغيرنا,0,0,0,1,0
الرغبة المتواصلة احداث تغيير المستوى الشخصي المادي العمل التميز اسرع وقت ممكن التفكير المتواصل الامر متعب جدا يؤثر مستوى التركيز الحالة النفسية المتذبذبة العمل الممل لدي التفكير تغييره,1,0,1,1,0
مر زمن طويل اعبر باللغة العربية ربما مند الدراسات الثانوية لغة عظيمة يتسنى التعرف عليها اكثر التعمق خباياها المهم شكرا لاتاحتنا الفرصة,0,0,1,1,1
السلام عليكم حاولت اجاوب الاسئلة تفكير يسير معتمدا حياتي المهنية بالاساس بحكم كوني صاحب شركة متخصصة المعلوميات مديرها التقني تضم الشركة اكتر مهندس مهندسة احاول جاهدا العمل شخصيتي تحسين قدراتي التعامل المستخدمين التاتير ايجابيا مكونات فريق العمل,1,0,0,1,0
مررت باسبوع حافل بالعمل جب تقديم مشاريع التمويل الصعيدين المغربي الدولي الحمد لله استطعت انهاءه المهمة بنجاح راض العمل قدمته اتمنى سينجح اتمنى اعوض اسرتي الوقت استغرقته العمل كنت غائبا عنهم,0,0,1,1,0
بدات امارس الرياضة توقف دام اكثر سنة استطع اكمال دقائق اتوقف الهث بشكل كبير ستحتاج الكثير الوقت القتالية لاستعادة اللياقة البدنية محددا ساحاول التمرن الاسبوع الاقل,1,0,1,1,1
سنوات الدراسة اقول عنها صعبة جادة لدرجة المرض سنوات المرح الخبرات سنوات تبادل للافكار الاصغر سنا الاكبر سنا السنوات تخرجت حصلت عمل خارج الوطن بالرغم سعادتي بالعمل الاجواء المحيط العملي يمكن اقول عنه غاية الروعة احساسي باىخيبة اتجاه تؤول اليه بلدي يراودني فترة لاخرى فعسى الله القادر المقتدر يبدل حال وطني ابناء وطني لافضل حال,1,0,1,0,1
طوال مسيرتي الاكاديمية اجهت تحديات تمكنت التغلب عليها بفعالية لقد ساعدني ادارة تجربتي المهنية بشكل جيد اهداف استراتيجيات محددة جيدا مقتنع دائما الاحلام قابلة للتحقيق الرضا النفس المهم,0,0,0,1,1
لقد استطعت بحمد الله مناقشة رسالة الدكتوراه كانت تجربة شيقة الوقت متعبة لانه يجب علي المحافظة التوازن اسرتي عملي انني مغتربة خلال التجربة تعلمت كيفية تنظيم اوقاتي اعطاء مهمة حقها,1,0,1,1,1
اعتقدت انني ذكية جذابة لطالما ظننت اسلوبي الغريب التفكير سيجعلني ناجحة يوم الحياة علمتني شخصيتي حجبت عني الواقع فاصبحت كائنة فضائية سط الناس الطبيعيين حاولت اصبح مثلهم فضللت طريقي اعد اعرف نفسي ادري مذا اريد يكن الفشل بعينه,0,1,0,0,0
نشات قرية صغيرة جنوب المغرب مند صغري اعتبر نفسي سريع البديهة التعلم الاشياء النضرية عكس الاشياء التطبيقية شخصيتي تاترت كتيرا بالمسار الدراسي الطويل فقد شهدت تجادبات كتيرة مابين تقليدي مرتبط بالدين الاعراف حداثي معاصر فقد شكل هدا نوع الازدواجيه التعاطي الامور,0,1,0,0,0
اود بداية انصحكم بضرورة متابعة المحاضرات عرضها الاخصائي النفسي جوردان بيترسون نمودج العوامل الخمسة للشخصية فهو شرحها بشكل دقيق ينبغي تحرصوا الصرامة البيانية تستخدموا الكلمات العربية اذ لكل كلمة دلالتها البيانية المحددة فقد لاحظت اسئلة الاستبيان الاخطاء كاستخدام كلمة عمل شامل فهذه كلمة مفهومة فشخصيتي شخصية متفتحة التجربة انطوائية نسبيا عصابية تميل الى القبول ضميري يقظ جدا قمت باجتياز الاختبار منصة اخرى باللغة الانجليزية انني مهتم بهذا المجال,0,0,0,1,0
الهندسة الصناعية شعبة اخترتها حب فهي شعبة شاملة لعدة مجالات بطبعي احب الاطلاع عدة ميادين الاطلاع الدراية بعدة مجالات صعب لكنه ممتع الوقت التدريبات انجزتها الميدان الصناعي جعلني اعرف قدراتي المعرفية المجال اهمية الجانب الاجتماعي ييسر التعامل الاخر العمل التعاون الامر تعلمته عدم الامور العمل بشكل شخصي عدم التاثر بسوء معاملة احدهم العمل,1,1,0,1,0
الجامعة دور مهم اثبات ذاتي التعرف الناس اخد الكلمة الجمهور المشاركة عدة احداث تظاهرات تمكنت التعرف العديد الناس مختلف المناطق,0,1,1,1,0
الاسبوع لدي اعمال كثيرة لهذا قليل ضغط لكنني سعيدة بسبب الانجازات اقوم ساقوم بالتدريب اقوم لانهاء ايضا سعيدة بسبب التقائي باناس جدد اصبحوا اصدقائي وقت قصير,1,0,0,0,1
افضل عدم جود الناس ناحية كثرة الحديث التذمر حول شيء اكثر يدعون المعرفة الشاملة اظن اني استطيع تحمل البعض يتعلق الامر بالمزاج الظروف المحيطة بالعمل,0,1,0,0,0
مساري الدراسي التجارب الت عشتها اثناء الدراسة ساعدتني تكوين شخصية منفتحة نوعا الاخر مبدعة تحب التحديات تجاربي الاجتماعية مكنتني التعرف الجانب المحب لخدمة الاخرين اسعادهم الاحساس بالرضا ادخال الفرحة السرور الاخر اكتشفت انني انسانة تنتبه لادق التفاصيل تحرص تعطي تبرز افضل ماعندها,0,1,1,1,1
شخص يحب اشياء عديدة المستوى الشخصي احب اكون هادئا مبتسما سهلا المستوى المهني احب الهندسة بالهندسة الابداع احب الافكار المنقولة تتسم بالابداعية,0,0,1,0,0
درست بعدة جامعات دائما احس بالتقصير عدم الرضى اللذي جعلني افقد صورة واضحة اريد احب احساس بعدم القدرة التعبير الصحيح عدم التركيز رغم انني اعمل بجد الككلمات تخونني,0,1,0,0,0
تجربتي الدراسية الجامعة تكن مستقرة تمكنت اتمام دراستي التخرج سنة اشتغل كمستشار حر مجال تخصصي احاول اكتسب مهارات جديدة تمكنني انشاء مشروعي الشخصي انني مهتم بالبحث العلمي اتمام الدراسة الدكتوراه خلال الحجر الصحي تعرضت لاضطراب نفسي ثقيل اتمكن التعافي تدريجيا مؤخرا بممارسة الرياضة انشطة اخرى اتمنى للباحثين يشرفون البحث حظا موفقا يطلعوا الراي العام نتائج بحوثهم يستفيد الجميع,0,0,0,0,0
لكل فترة الحياة تاثيرها شخصية الانسان سواء اكانت جميلة فلولا التجارب المحن تطورت شخصية الانسان فهذا الاخير جبل التعلم تزكية النفس السمو,0,0,1,1,0
فعلا امر بمرحلة صعبة حاليا البطالة نعرف جميعا انها فترة بالهينة احاول قدر المستطاع ابقى متفائله طموحة لغد افضل بالاصرار العزيمة انشاء الله نصل الي مبتغاي احقق اهدافي بالنسبة لتجربة الجامعية مررت فهي مرحلة فريدة غنية بالمكاسب الناحية المعرفية مستوى الشخصي بحيت فضاء الكلية فضاء اكاديمي تجربة جديدة تتيح الفرصة تطوير اغناء مجموعة المكتسبات,1,0,0,0,1
عندما اكون العمل لحظات اشعر بثقل كبير اتمنى ينتهي اليوم الاسبوع بسرعة لحظات اشعر انني اقوم بشيء مهم يجب اتمه اكمل جه,0,0,0,0,0
لحطة العمل عدة ايجابيات فهو يسمح بتخلص روتيني اليومي المشاكل الموجودة فالبيت يسمح باراحة تفكيري قليلا تعرف الاخرينوالحياة مليئة بالصعاب علينا مواجهتها بكل ليونة فهاد دليل ضعفني عجزي قوتي,0,1,1,1,0
الوقت الراهن تراودني افكار سوداوية تجعلني كثيرة التفكير استطيع تمييز اهدافي اشكك بقدراتي رغم محاولاتي لطرد الافكار انها لاتزال تسمم عقلي اجد طريقا للخلاص عادة خجولة احب الانصات اكثر الكلام اتواجد اشخاص اعرفهم يذهب الخجل اصبح اكثر انفتاحا,0,0,1,0,1
دراستي كانت جيدة تمكنت الحصول شهادات مهمة احب تنمية معارفي اتوق التطور تسلق المراتب اريد تغيرت طبيعة عملي سنوات تجديد دافعيتي العمل احيانا احب المجامعات التصنع احب وضع الاشياء طبيعتها قدرها,0,0,0,0,0
اعمل مجال الادارة معلوم فطبيعة العمل تجعلك تتعامل اصناف متعددة الاشخاص سيما كنت رئيسا مرؤوسا يحتم التعامل بدكاء اخلاص ادا فمع رءيسهم فيجب تتعامل معهم كمعاملة القائد لجنوده يفرض الحزم العطف الوقت فلكل مقام مقال يقال يرءسونك فيجب تحترم الدخول افات المجتمع كالتملق دلك,0,0,0,1,1
كانت تجربتي الجامعة تجربة فريدة متميزة فقد استطعت الحصول اعلى النتائج المراحل الى وصلت الى مرحلة الدكتوراة تعزز مهاراتي عبر تجربة التدريس الجامعة معظم الصعوبات اجهتني كانت مرتبطة بالانفتاح الاندماج الاجتماعي,0,1,1,1,0
تجربتي الجامعية كخريجة هندسة صناعية ايجابياتها سلبياتها كاجابيات اجد انها طورت شخصيتي كتيرا بغض النظر التخصص انما فكرة العيش لوحدي بعيدة الاهل بالتالي عدم الاعتماد نفسي مواجهة فئات مختلفة المجتمع كالبقال البائعين السوق بحكم انني اقم بهذه الاشغال بيت الاهل فالمهم الاحظ تطورا شخصية لهذا السبب رغم الخجل يفارقني انما فقط يقل يزيد الفينة الاخرى المواقف كسلبيات فلها علاقة اكتر بالتخصص التوجيه فالان تخرجت دفعة الكرونا اكتشفت فجاة يكن اختياري بالاحرى تاثير المحيط الاهل لتوجه الاختصاص اني اكتشفت اني احمل شغفا للبرمجة اكتر للصناعة خصوصا الفترة اعيشها للبحث فرصة شغل يتبين اكثر التوجه التاني صائبا اكثر فاجدني الاغلب محبطة حالة فراغ اتمنى التوفيق بحثكم,0,0,0,0,1
افكر الوباء منا اعز الناس رحمهم الله جعلني اتيقن العافية كنز يشترى بكنوز العالم اكمله رزقنا الله اياكم الصحة البسنا ثوب العافية,1,1,0,1,0
دراستي مدرسة عليا للمهندسين اثرت بشكل خاص الجانب المهاري عملي عدة نوادي مكنني اكتساب مهارات شخصية حس نقدي ابداعي القدرة اقتراح افكار جديدة اسبوعي مر جيدا تمكنت تنزيل خططت بسرعة كبيرة ابهرت محيطي بعملي قاموا بالثناء,0,0,1,0,1
شخص انطوائية خجولة تهتم براي الناس عني احاول ارضاءهم انني اشعر بخيبة املهم اكثر ارضائهم فانا اميل الى الابتعاد تعويض الحاجة احلام اليقظة ابتعدت يصبح التعامل الناس اصعب فاصبح انطوائية اكثر انها حلقة تنتهي لدي مشكلة معرفة قيمة نفسي اشعر دائما بانني قيمة يقودني عي الى الهروب الحياة المسؤولية اعتقد اكبر نقاط ضعفي,0,1,0,0,0
اصبحث اكثر حذرا انتباها تعلمت اساليب جديدة التعامل شخصيات اخرى اصبح لدي عي افضل التعامل الناس اصبحث اكثر قوة اكثر احترافية القرارات تردد اصبحت اتطلع لمناصب المسؤولية,1,0,0,1,1
لدي الكثير لاقوله العموم شخص ذكي كسول الوقت شخص فضولي بطريقة ايجابية اتعلم الكثير ابحث شيء احبه بالذات العموم احب شيء اريد اكتشف كتيرا احسن ايضا اني فاشل احيانا اريد اصبح شخصا اكثر نجاحا لاني مؤمن اني شخص هائل يستطيع تحقيق الكثير لقد تم رفضي مدارس عليا راقية تخصصات فرص هائلة لكني ساستمر اصل الى مستوى عالي,0,1,1,0,1
احس انني مرتاحة احب الصعوبات احب الاشياء سهلة اتمني اصل الى مستوى عال الطمانينة ابحث عنها ساجدها المؤكد اهرب الشقاء اتمنى يقف عقلي التفكير لمدة قليلة يوما,0,1,0,0,0
التعبير الذات امرا سهلا ساحاول بالنسبة لدراستي فانني احب موضوع اطروحتي رغن اني احيانا اتسائل اكمال دراستي قرارا صائبا ابقى متفائلة افكر مؤخرا بالموت اتمنى اعيش يكون لحياتي معنى افعل اشياء استطيع مساعدة غيري,0,0,0,0,0
شخص هادئ افضل السكوت لدي طموحات كبيرة لكني افعل يلزم سبيل تحقيقها احب الخير لجميع الناس اساعدهم قدر استطاعتي طلبوا مني حظا مو فقا,0,0,1,0,0
اني بصدد تناول جبة الغذاء اعدتها شريكة حياتي جالس بسيارتي منصتا لاذاعة راديو تجري حوارا احدهم بالفرنسية اني وجدت نفسي منصتا لكلمة مضيعا للكثير حديثهم امامي حقل شاسع اغنام ترعى امان الله مدركة عيد الاضحى اقترب دعها فاكثرنا اعوون غافلون الجو كئيب الشمس حاجة الظهور تحس بان قطرات المطر مترددة السقوط,1,0,1,1,1
اشعر انني مفترق الطرق الطرق تبدو مناسبة احدد لحد الافضل يجب اختار اقرب قتكلي امل الله سبحانه تعالي ينير طريقي شكرا الله التوفيق,1,0,1,0,1
التعليم الجامعة السكن الحي الجامعي ساعدني تنمية شخصيتي اعطاء الاهمية لجميع الامور بحولي ضاعف قوة الصبر المواقف يخص تجربتي العمل الحقيقة العمل الادارة يكبح التطور الداتي تبقى تدور دائرة مقفلة العمل التعليم يحفز جديد قدرة البحث الابتكار,1,1,0,1,0
فقكم الله عملك هدا اليوم عدت رحلة دامت ايام رحلة يمكن يقال عليهارائعة التقيت باناس يشبهونني تقاسمنا العديد اللحظات التارخية مرور اكثر سنة اخر رحلة بالنسبة للبحث المرجو ادخال الدارجة الاتمارة للتوصل باجابات عميقة,0,1,1,1,1
مرحلة الجامعة اعتبرها اجمل مرحلة مرت حياتي رغم شخصيتي المنعزلة حضيت باصدقاء كثر لطالما نصحني الناس اقلل تشاؤمي ابتسم اكثر فى نفسي عيوبا تحصى اسعى جاهدة لتقدير نفسي اكثر اشكركم طرح الاختبار ارجو التوفيق,0,1,0,0,0
الدراسة الجامعة مرحلة مهمة تساعد بناء شخصية مستقلة بالنسبة للعمل فدائما اميل الى العمل الحر لانه يجعلني ارتب مواعيدي بنفسي اسبوعي القضيه الدراسة العمل الحر سعيدة بذالك,1,1,1,0,0
لاطالاما حلمي تحقيق داتي الطريق الوحيد امامي الدراسة كنت اعتقد الطريق سيكون سهلا لانني كنت المتفوقين الثانوي فور التحاقي بالجامعة اجهت مشاكلة عدة عائلية صحية جعلتني افكر المضي بسرعة التفكير النتيجة المبتغى فحصلت علي اجازة تغنب تسمن جوع تؤدي فقط الي التعليم بحضوض قليلة تزوجت لدي طفلة زوجي انسان رائع يدعمني يفعل ابي هدا التوقف الدراسة نصف الطريق كسر احلامي الصعب الرجوع الي الطريق هدا الانقطاع لمن الصعب التفكير انني احقق طموخاتي لانني ادرك بشدة مدي قدراتي فعاليتي جربت اعمل مرات عدة اخدت عدة تجارب اكدت لمن عملت معهم قدراتي علي العمل مدى مهارتي هدا الاسباب تخلق مشاكل زملاء العمل معرفتي بداتي تجعلني انحني تمرقا ادل فخورة بدلك رغم المصاعب اواجه بسبب دلك,0,1,0,1,1
افضل تجربة مررت لحد مليئة بالتحديات الايجابية السلبية كانت تاثير فعال تكوين شخصيتي المستوى الدراسي الاجتماعي انكر دور زملائي ايضا دراستي الجامعة ساعدتني اجادي نفسي تحقيق مستقبلي العملي الاسابيع الايام تمر بشكل عادي روتيني لضروف شخصية تحتم علي اعادة الاحداث رغم اني راضية لاني استانس بالوضع الوقت سترجع الايام لسابق عندها العمل جد مهم حياة شخص بالنسبة التبات نفسك نفسك لاحد اخر تحقق كنت تتمناه صغرك مجال العمل انفتاح الاخرين مشاركة افكارك انجازاتك,0,1,0,0,0
انسان رغم اختلاف افكارهم قابلون للتطور الاحسن الاسوء خلال تجربتي الجامعة قضيت حوالي سنوات تعلمت خلالها الكثير الحمد لله كنت شخصا منعزلا يعمل لوحده يكره العمل جماعة يحبب تبادل الافكار الاخرين الاخرين يعتبرونني شخصا معقد بفضل الله عز جل رفقاء الدراسة اصبحت شخصا اكثر انفتاحا متقبلا للافكار الجديدة قادرا فتح موضوع للنقاش الاخرين زلت متطلعا للمزيد التحسن مستوى شخصيتي,0,0,0,0,0
شخصيتي تتطور تعدد علاقاتي الانسانية تجاربي سواء الشخصية العملية الاكاديمية فمع تعددها بت شخصا قادرا الاختيار التمييز يضر المدى القريب البعيد نتاج للتفكير العميق المؤخوذ اتخاذي لاي قرار شكرا الاستمارة فقكم الله,0,0,0,1,0
معرفة الذات طريق طويل يشترط المثابرة الظروف الراهنة تجعل المرء منغمسا اجباته اليومية هاربا عوالم افتراضية قل يتمكن الانسان الجلوس نفسه محادثتها صرنا نتكلم الجميع نتكلف لحظة الانصات لذواتنا اعني النزوات افكارنا طموحاتنا,1,0,1,1,1
تجربة العمل كانت مفيدة جدا بالنسبة المستوى الشخصي اشعر انني اكتسبت العديد المهارات الشخصية التعامل الاخرين الانخراط بيئة العمل ضبط النفس استغلال المهارات المكتسبة سابقا الثقة بالنفس ازدادت مقارنة السنوات الماضية العمل حصولك عمل يمنح شعورا بالرضى الانجاز الفاعلية الكثير المشاعر الايجابية الطاقة العمل متعبا ضغوط نفسية جسدية,0,0,1,1,1
احببت الفكرة لربما كانت الاسطر صلحا الكتابة القطيعة اكتب الاسطر تفكير تنقيح كانني افكر بصوت عال فقط احس بالراحة يخص مسيرتي الدراسية بالجامعة كانت فعلا مرحلة نوعية مليئة بالتجارب الغنية بالدروس الاكاديمي الكثير دروس الحياة تعلمت معاني الصبر المثابرة ذقت حلاوة النجاح الفشل رايت مختلف الايديولوجيات الطوائف كانت مرحلة بناء لشخصيتي دفعة كبيرة السير للامام بعدها تاتي تجربة العمل اثرت سبقها ابانت نتاج السنوات فالحمد لله شكرا حبا مر اسبوعي بشكل مختلف بدا بمفاجاة حبيبي بعودته المهجر بدانا بناء عشنا سنستقر اشعر بالتعب الرغبة النوم فقط,1,1,0,0,1
مرور الوقت الزمن لحظات متعة الى لحظات حكم عليها بالاعدام الجسم حالة الالم يتفحص طيات المستقبل يبني امالا امجادا تتلاشى الحاضر مالذي قع,0,0,0,1,0
رمضان كريم درست بجامعة سيدي محمد بن عبد الله لمدة خمة سنوات اكتشفت عدة جوانب شخصيتي اني اكتشفت مدينة فاس الراءعة العريقة اللتي احتلت مانة قلبي,0,0,0,1,0
الدراسة بالجامعة بالنسبة كانت فترة فكري بالدرجة الاولى فقد عهدت نفسي الطفلة الطموحة المندفعة تتقبل الفشل عهدت لنفسها الصدارة دوما كنت لنفسي ذالك قوة امتيازا لجت الجامعة ادركت النجاح الحقيقي يكمن مثابرتك نضالك عدم فقدانك الامل نهوضك قعة علمت الحياة تاتيني بكل اتمنى فتقبلت الفكرة علمت اكثر الانفاق ظلاما دائما نور ضئيلا يكفي اؤمن ليدلني طريق النجاح يهم قضيت الوقت لاصل المسمى بالنجاح فنجاحي يكمن حد ذاته عدم استسلامي بحثي المستمر افضل نسخة لنفسي رغبتي للمعرفة المجالات تجذبني كانت بعيدة مجال دراستي تعلمي اعيش اللحظة اتعايش كبواتي جعلها دروسا بدل عراقيل انتظاري للمستقبل بذراعين جاهزتين لاحتضانه بدل التخوف,1,1,0,1,1
شخص يحب القيام بالاشياء بشكل مثالي يستغرق الامر مني الوقت احيانا زلت افعل الاشياء الوقت المحدد متسامح مبتسم افهم الاخرين ايضا ملاحظ احب الابتعاد الاضواء,1,0,0,0,0
لقد كانت تجربة متميزة مليئة بالمغامرات المفرحة الحزينة الدكتوراه امر بالهين مطبات لايجاد مجال البحث تليه مغامرات لتحديد مشكل يعالج لتليه رحلة البحث فكرة تحل المشكل,0,1,1,1,1
تجربتي الجامعة تكن خالية الدروس المواقف العبر اللحظات المهمة حياتي التقيت مختلف الشخصيات الناس الجيد الى السيئ التلاقح الناس مكنني سقل شخصيتي معرفتها اكثر السعي تحسينها ترويدها لتكون شخصية صالحة لمحيطها الصغير المتمثل العائلة المحيط الاكبر الى المجتمع,0,0,0,0,1
انني اعمل كمهندس بوزارة الصحة اكتسبت الكثير خلال مشوار المهني سواء المستوى الشخصي اصبحت اكثر هدء انفتاحا الاخرين اضافتا الى الاحساس بالمسؤلية لكنني كنت دائما اطمح للعمل البحث العلمي عندما لجت المستوى الجامعي,0,0,0,0,0
الدراسة بالجامعة عكس المتوقع تطلبت مني مجهودا كبيرا اخذت مني الوقت الكثير الممكن اقضيه عائلتي مثلا هواية جديدة الدراسة بالجامعة تتطلب ايضا شخصية شجاعة اجتماعية فالتعرف زملاء جدد الدراسة معهم يمكن يساهم بشكل كبير التحصيل الدراسي الجيد,0,1,0,0,0
بدء يومي قرات بضعا القران الكريم صلاة الفجر فتحته قرات سورة الاسراء اقرا اقم الصلاة لدلوك الشمس الى غسق الليل قران الفجر قران الفجر مشهودا اتذرع يدي الله الوقت ذكره سبحانه تعالى غمرتني السعادة الخطاب موجه الي بالذات,0,0,1,1,0
عندما بدات الدراسة الجامعة كنت اشعر بالقليل الوحدة فهي بداية لمرحلة جديدة حياتي اكن املك الاصدقاء انني انفصلت اصدقائي تعرفت اناس جدد كانتفعلا مرحلة قاسية انتهت بذكريات رائعة,0,1,0,0,0
امر باسبوع متوتر الى حد نظرا لاقتراب الامتحانات التفكير المتزايد الدراسة الخطوات الواجب اتخاذها لتمر الفترة يرام احاول الخروج مساحة الامان الخاصة شيء جديد,0,1,0,1,0
حياتي اصبحت راسا عقب جعلتها تفلتت الامور يدي اعد قادرة السيطرة شيء يسير المجهول الم خوف يجعلاني اقف حراك اترقب عناية الاهية معجزة السماء,0,1,1,0,0
استمتع بكوني مركز الاهتمام اصدقائي اغضب اكن يجعلني غاضبا الاحيان اعرف لماذا اعرف سلوك سيء احاول التخلص معالجة قرات انني بحاجة الى تنظيف افكاري محاولة اعطاء الكثير الاهتمام للناس سيحبونني سيساعدني الشعور بالرضا الاهتمام,0,1,0,0,1
يصعب ضبط الانفعالات الضغظ الاتزان السلوكي ضرورة للنجاح الابداع التقدم ربما البحث الدقة الفعالية المردوية العالية يشكل عامل مؤثر زيادة الضغظ بالاضافة للتطلعات الاجتماعية الوظيفية تحقيق الذات يصعب تحقيق المتعة الاستمتاع بتحصيل المعرفة انتاجها عندما يرتبط النجاح بالضغط المتواصل فترة طويلة,1,0,1,0,1
ساعبر الحب الاول الحب العذري يختلج الفؤاد خصوصا ايام البراءة الطفولة يستمر معك مراحل حياتك كلام عندما يذهب طريقه يشق حيانه بعيدا الاخر تشاء الصدف شيئا اخر يقع اللقاء الصامت جديد عذاب الحب جديد فاعلم انك شقي,0,0,1,0,0
انسانة مزاجية تحب الالتزام بالوقت العمل التنظيم الحياة اصعب توقعاتنا تصيبنا بالتحباط الياس تعارضت افكارنا معها التجربية الحياتية اكبر مختبر للانسان اكسابه فن التعامل التواصل الجتماعيوشكرا,1,1,0,1,0
تجربة الدراسة بالجامعة كانت تجربة رائعة صعبة الوقت ذاته صعبة كانت لان المدينة كنت ادرس حينها بعيدة جدا الاهل رائعة لبداية اكتشافي لذاتي شخصيتي انطلاقا الاحتكاك الاخرين نقطة ايجابية استفدته الجامعة التحدث بالدارجة المغربية لكوني منحدرة اصول امازيغية كانت الاخيرة المتداولة بكثرة الاماكن الى جانب تعلمت مجموعة المعارف التقنية العلمية علاقة بالعلوم بصفة مجال التكنولوجيا المعلوميات بالخصوص,1,0,0,1,1
اتعصب عندما اشتغل اطار فريق عمل اجد البعض مبال يجعلني انفعل بشدة اشعر باحساس سلبي اتجاه الشخص الاشخاص المعنية ممكن تتوتر الامور الخارج تصبح العلاقة متوترة,1,1,0,1,1
لقد قضيت الاسبوع الماضي احاول كتابة مقالة علمية حول موضوع اطروحتي اشعر بان افكاري مشتتة انني ضائعة سيما انني السنة الثالثة يقيني الله عز جل كبير انجح شاء الله,1,0,1,1,0
علمتني الحياة اكون صبوىة متفائلة احب الخير للجميع اساعدهم مواقفهم الصعبة لاانتظر جزاء لان يعمل خيرا يجده الاخلاص العمل تجزى الخالق امنت بشيء قم لاتنتظر يقوم الاخرون الصدق العمل الجاد مفتاح النجاح,1,0,1,1,1
كانت المرحلة الجامعية اجمل مرحلة مرت حياتي اتسمت بالحيوية الحماس عكس مرحلة العمل مليئة بالروتين الملل يومي فقد مر عاديا جدا العمل قمت بزيارة طبيب الاسنان اتممت الاغراض الادارية عدت متعبة جدا للمنزل,1,0,0,1,1
تجربتي الدراسية رغم طولها الزمني حوالي سنوات الباكالوريا اهلتني للاندماج سوق الشغل طموحي مند الصغر لوج ظيفة مدرس الجامعة الطموح لازال قائما لاني اصلت دراستي الجامعية حاصل الماستر باقصى تقدير سنوات ستحصل مرادي احاول التوفيق حياتي الزوجية تحقيق احلامي احلام زوجتي عاىلتي بالخصوص تربيت ابنائي ليصبحوا مواطني الغد مصلحة لنفسهم للوطن الاهداف كانت بتوفيق الله بمساعدة الوالدين اطال الله عمرهما اتمنى السعادة الدنيا الاخرة السلام عليكم رحمة الله بركاته,0,0,0,1,1
مسار الحياة الدراسة الى العمل الى الحياة العالمية مر شاءت اقدار الله سار الدرب طل يمكن التخطيط لكل امر قال الكندي مضى فات المسلم غيب الساعة,0,0,0,0,0
اختلف مكان تواجدك اشخاص حولي تبدا شخصيتي تتاثر بشكل دائما يكون تاثير بافكار سلبية احباطات ترجع مزاجك حزين تملك رؤية واضحة متفاءلة حول مستقبلك تجعل اخرين يؤثرين,1,1,0,1,1
تجربتي الجامعية فاشلة بكل المقاييس حاصل الاجازة لدي طريقة لولوج سلك المستور الدي احلم بيه الدكتورة تشغلني يوميارغم حصولي علامات جيدة فالبكالوريا سلوك الاجازة اشعر يوميا باللبن عدم الرصا,0,1,0,0,0
النجاح الحياة العملية الشخصية تنبني خلق التوازن التوازن الانفتاح الثقة المثابرة معرفة نقاط الضعف كالمزاجية التعامل معها كاليات دفاعية للشخصية كنواقص يجب اخفائها الاسبوع مثمرا صعيد العمل الحمد لله اتممت مشاريع اعمل اخرى مستقبلية,0,1,0,1,1
الدراسة بالجامعة تجربتي تنقصها الجدية الفعالية الكثير الاساتذة الطلبة السواء اذ تغلب عليها النفعية بالنسبة المحيط فهي هدر الوقت المستقبل فهي مهمة معنويا بالنسبة الاحداث روتينية يوما يوم يساعد تجاوزها المطالعة,0,1,0,1,1
الدراسة الجامعة تجربة ناجحة الحياة العمل التعليم يشعرني بمكاني المجتمع حياتي بسيطة هادئة اصعب الامور اعيش الحياة مقتنع بان الرزق الله العمل العبد فقم بعملك جيدا انتظر الجزاء الله,1,1,0,0,0
